geoname_id	name	country_code	country_name_en	population	modification_date	longitude	latitude
1796236	Shanghai	CN	China	22315474	2021-09-20	31.22222	121.45806
1816670	Beijing	CN	China	18960744	2022-03-07	39.9075	116.39723
1795565	Shenzhen	CN	China	17494398	2022-03-09	22.54554	114.0683
1809858	Guangzhou	CN	China	16096724	2022-03-09	23.11667	113.25
2332459	Lagos	NG	Nigeria	15388000	2022-04-01	6.45407	3.39467
745044	Istanbul	TR	Turkey	14804116	2022-03-09	41.01384	28.94966
1815286	Chengdu	CN	China	13568357	2021-12-13	30.66667	104.06667
3435910	Buenos Aires	AR	Argentina	13076300	2022-03-09	-34.61315	-58.37723
1275339	Mumbai	IN	India	12691836	2022-03-03	19.07283	72.88261
3530597	Mexico City	MX	Mexico	12294193	2021-07-25	19.42847	-99.12766
1174872	Karachi	PK	Pakistan	11624219	2022-03-07	24.8608	67.0104
1792947	Tianjin	CN	China	11090314	2021-09-20	39.14222	117.17667
1273294	Delhi	IN	India	10927986	2022-03-09	28.65195	77.23149
1791247	Wuhan	CN	China	10392693	2021-12-13	30.58333	114.26667
524901	Moscow	RU	Russian Federation	10381222	2022-05-05	55.75222	37.61556
1185241	Dhaka	BD	Bangladesh	10356500	2022-03-09	23.7104	90.40744
1835848	Seoul	KR	Korea	10349312	2022-03-03	37.566	126.9784
3448439	São Paulo	BR	Brazil	10021295	2022-03-09	-23.5475	-46.63611
1812545	Dongguan	CN	China	9644871	2021-12-13	23.01797	113.74866
360630	Cairo	EG	Egypt	9606916	2022-04-18	30.06263	31.24967
1790630	Xi’an	CN	China	9600000	2021-12-13	34.25833	108.92861
1799962	Nanjing	CN	China	9314685	2022-04-01	32.06167	118.77778
1808926	Hangzhou	CN	China	9236032	2021-12-13	30.29365	120.16142
1811103	Foshan	CN	China	9042509	2021-12-13	23.02677	113.13148
1566083	Ho Chi Minh City	VN	Viet Nam	8993082	2022-06-09	10.82302	106.62965
2643743	London	GB	United Kingdom	8961989	2022-03-09	51.50853	-0.12574
5128581	New York City	US	United States	8804190	2022-03-09	40.71427	-74.00597
1642911	Jakarta	ID	Indonesia	8540121	2022-03-07	-6.21462	106.84513
1277333	Bengaluru	IN	India	8443675	2021-12-01	12.97194	77.59369
1850147	Tokyo	JP	Japan	8336599	2022-03-09	35.6895	139.69171
1581130	Hanoi	VN	Viet Nam	8053663	2021-12-07	21.0245	105.84117
1668341	Taipei	TW	Taiwan	7871900	2022-03-09	25.04776	121.53185
2314302	Kinshasa	CD	Congo	7785965	2022-03-09	-4.32758	15.31357
3936456	Lima	PE	Peru	7737002	2019-09-05	-12.04318	-77.02824
3688689	Bogotá	CO	Colombia	7674366	2022-03-09	4.60971	-74.08175
1819729	Hong Kong	HK	Hong Kong	7482500	2021-09-09	22.27832	114.17469
1814906	Chongqing	CN	China	7457599	2022-01-04	29.56026	106.55771
98182	Baghdad	IQ	Iraq	7216000	2022-03-09	33.34058	44.40088
1797929	Qingdao	CN	China	7172451	2022-04-01	36.06488	120.38042
112931	Tehran	IR	Iran	7153309	2022-03-09	35.69439	51.42151
2034937	Shenyang	CN	China	7050000	2021-12-13	41.79222	123.43278
1269843	Hyderābād	IN	India	6809970	2022-04-17	17.38405	78.45636
1886760	Suzhou	CN	China	6715559	2022-04-01	31.30408	120.59538
1279233	Ahmedabad	IN	India	6357693	2021-10-07	23.02579	72.58727
1172451	Lahore	PK	Pakistan	6310888	2021-07-25	31.558	74.35071
3451190	Rio de Janeiro	BR	Brazil	6023699	2022-03-03	-22.90642	-43.18223
1880252	Singapore	SG	Singapore	5638700	2022-06-05	1.28967	103.85007
361058	Alexandria	EG	Egypt	5263542	2022-04-18	31.20176	29.91582
2037013	Harbin	CN	China	5242897	2021-12-13	45.75	126.65
1609350	Bangkok	TH	Thailand	5104476	2022-03-09	13.75398	100.50144
1808722	Hefei	CN	China	5050000	2021-12-13	31.86389	117.28083
498817	Saint Petersburg	RU	Russian Federation	5028000	2022-03-03	59.93863	30.31413
1814087	Dalian	CN	China	4913879	2021-12-13	38.91222	121.60222
3871336	Santiago	CL	Chile	4837295	2022-03-09	-33.45694	-70.64827
2038180	Changchun	CN	China	4714996	2022-06-14	43.88	125.32278
1264527	Chennai	IN	India	4681087	2021-12-01	13.08784	80.27847
1275004	Kolkata	IN	India	4631392	2020-06-27	22.56263	88.36304
2147714	Sydney	AU	Australia	4627345	2022-03-06	-33.86785	151.20732
1790645	Xiamen	CN	China	4617251	2021-12-13	24.47979	118.08187
1255364	Surat	IN	India	4591246	2021-10-07	21.19594	72.83023
1298824	Yangon	MM	Myanmar	4477638	2019-09-05	16.80528	96.15611
1138958	Kabul	AF	Afghanistan	4434550	2022-06-18	34.52813	69.17233
1790923	Wuxi	CN	China	4396835	2022-04-01	31.56887	120.28857
360995	Giza	EG	Egypt	4367343	2022-04-18	30.00944	31.20861
1805753	Jinan	CN	China	4335989	2021-09-20	36.66833	116.99722
1793511	Taiyuan	CN	China	4303673	2021-12-13	37.86944	112.56028
1784658	Zhengzhou	CN	China	4253913	2021-09-20	34.75778	113.64861
2158177	Melbourne	AU	Australia	4246375	2022-03-06	-37.814	144.96332
108410	Riyadh	SA	Saudi Arabia	4205961	2019-09-05	24.68773	46.72185
2335204	Kano	NG	Nigeria	4103000	2022-04-01	12.00012	8.51672
5368361	Los Angeles	US	United States	3971883	2019-12-12	34.05223	-118.24368
1795270	Shijiazhuang	CN	China	3938513	2021-10-04	38.04139	114.47861
1205733	Chattogram	BD	Bangladesh	3920222	2020-08-12	22.3384	91.83168
1804651	Kunming	CN	China	3855346	2021-09-20	25.03889	102.71833
6986104	Zhongshan	CN	China	3841873	2021-12-13	22.52306	113.37912
1799869	Nanning	CN	China	3839800	2021-10-10	22.81667	108.31667
1795940	Shantou	CN	China	3838900	2021-12-13	23.36814	116.71479
1810821	Fuzhou	CN	China	3740000	2021-12-13	26.06139	119.30611
1799397	Ningbo	CN	China	3731203	2021-12-13	29.87819	121.54945
1838524	Busan	KR	Korea	3678555	2019-04-30	35.10168	129.03004
2293538	Abidjan	CI	Côte d'Ivoire	3677115	2020-07-02	5.35444	-4.00167
1798425	Puyang	CN	China	3590000	2021-09-19	29.45679	119.88872
1848354	Yokohama	JP	Japan	3574443	2021-08-25	35.43333	139.65
2339354	Ibadan	NG	Nigeria	3565108	2019-09-05	7.37756	3.90591
323786	Ankara	TR	Turkey	3517182	2021-07-25	39.91987	32.85427
292223	Dubai	AE	United Arab Emirates	3478300	2022-06-14	25.07725	55.30927
1794903	Shiyan	CN	China	3460000	2018-12-06	32.6475	110.77806
3369157	Cape Town	ZA	South Africa	3433441	2022-03-07	-33.92584	18.42322
2950159	Berlin	DE	Germany	3426354	2022-03-09	52.52437	13.41053
1793346	Tangshan	CN	China	3372102	2021-10-21	39.63333	118.18333
1815456	Changzhou	CN	China	3290918	2021-10-07	31.77359	119.95401
3117735	Madrid	ES	Spain	3255944	2022-03-09	40.4165	-3.70256
1871859	Pyongyang	KP	Korea	3222000	2019-09-05	39.03385	125.75432
2553604	Casablanca	MA	Morocco	3144909	2021-11-29	33.58831	-7.61138
1785286	Zibo	CN	China	3129228	2021-09-20	36.79056	118.06333
1259229	Pune	IN	India	3124458	2021-12-01	18.51957	73.85535
1007311	Durban	ZA	South Africa	3120282	2019-09-05	-29.8579	31.0292
1815577	Changsha	CN	China	3093980	2019-02-26	28.19874	112.97087
1809461	Guiyang	CN	China	3037159	2021-10-13	26.58333	106.71667
1529102	Ürümqi	CN	China	3029372	2021-09-20	43.80096	87.60046
1804430	Lanzhou	CN	China	3000000	2021-12-13	36.05701	103.83987
3646738	Caracas	VE	Venezuela	3000000	2022-03-09	10.48801	-66.87919
1806776	Huizhou	CN	China	2900113	2021-12-13	23.11147	114.41523
1809078	Haikou	CN	China	2873358	2021-12-06	20.04583	110.34167
105343	Jeddah	SA	Saudi Arabia	2867446	2022-01-21	21.49012	39.18624
1267995	Kanpur	IN	India	2823249	2021-08-01	26.46523	80.34975
703448	Kyiv	UA	Ukraine	2797553	2022-04-22	50.45466	30.5238
2240449	Luanda	AO	Angola	2776168	2022-03-09	-8.83682	13.23432
1692192	Quezon City	PH	Philippines	2761720	2021-07-30	14.6488	121.0509
344979	Addis Ababa	ET	Ethiopia	2757729	2022-03-07	9.02497	38.74689
1853909	Osaka	JP	Japan	2753862	2022-03-31	34.69374	135.50218
184745	Nairobi	KE	Kenya	2750547	2021-07-29	-1.28333	36.81667
1803318	Linyi	CN	China	2743843	2022-04-01	35.06306	118.34278
1816971	Baoding	CN	China	2739887	2021-10-20	38.85111	115.49028
4887398	Chicago	US	United States	2720546	2022-03-09	41.85003	-87.65005
3450554	Salvador	BR	Brazil	2711840	2021-07-31	-12.97111	-38.51083
1269515	Jaipur	IN	India	2711758	2019-09-05	26.91962	75.78781
160263	Dar es Salaam	TZ	Tanzania	2698652	2019-09-05	-6.82349	39.26951
1791388	Wenzhou	CN	China	2650000	2021-12-13	27.99942	120.66682
1843564	Incheon	KR	Korea	2628000	2021-07-31	37.45646	126.70515
1785725	Yunfu	CN	China	2612800	2022-02-17	22.92787	112.03809
6167865	Toronto	CA	Canada	2600000	2019-09-05	43.70011	-79.4163
6619347	Navi Mumbai	IN	India	2600000	2018-12-04	19.03681	73.01582
99532	Basrah	IQ	Iraq	2600000	2015-11-29	30.50852	47.7804
53654	Mogadishu	SO	Somalia	2587183	2019-09-05	2.03711	45.34375
1835329	Daegu	KR	Korea	2566540	2016-02-09	35.87028	128.59111
1179400	Faisalabad	PK	Pakistan	2506595	2021-07-30	31.41554	73.08969
311046	İzmir	TR	Turkey	2500603	2020-06-10	38.41273	27.13838
1797873	Huai'an	CN	China	2494013	2021-10-07	33.58861	119.01917
2253354	Dakar	SN	Senegal	2476400	2019-09-05	14.6937	-17.44406
1264733	Lucknow	IN	India	2472011	2015-11-11	26.83928	80.92313
3399415	Fortaleza	BR	Brazil	2400000	2019-09-05	-3.71722	-38.54306
3687925	Cali	CO	Colombia	2392877	2021-08-02	3.43722	-76.5225
1625822	Surabaya	ID	Indonesia	2374658	2019-09-05	-7.24917	112.75083
3470127	Belo Horizonte	BR	Brazil	2373224	2019-09-05	-19.92083	-43.93778
1800163	Nanchang	CN	China	2357839	2021-09-19	28.68396	115.85306
2036892	Hohhot	CN	China	2350000	2021-12-13	40.81056	111.65222
3169070	Rome	IT	Italy	2318895	2022-03-09	41.89193	12.51133
124665	Mashhad	IR	Iran	2307177	2020-04-08	36.29807	59.60567
1819609	Kowloon	HK	Hong Kong	2303100	2022-06-08	22.31667	114.18333
5110302	Brooklyn	US	United States	2300664	2015-01-18	40.6501	-73.94958
1795855	Shaoxing	CN	China	2300000	2021-12-13	30.00237	120.57864
4699066	Houston	US	United States	2296224	2021-07-25	29.76328	-95.36327
1799722	Nantong	CN	China	2273326	2021-10-07	32.03028	120.87472
5133273	Queens	US	United States	2272771	2021-07-30	40.68149	-73.83652
1262180	Nagpur	IN	India	2228018	2021-08-02	21.14631	79.08491
1787093	Yantai	CN	China	2227733	2021-09-26	37.47649	121.44081
3633009	Maracaibo	VE	Venezuela	2225000	2019-09-05	10.66663	-71.61245
3469058	Brasília	BR	Brazil	2207718	2019-09-05	-15.77972	-47.92972
1790437	Zhuhai	CN	China	2207090	2021-12-13	22.27694	113.56778
3492908	Santo Domingo	DO	Dominican Republic	2201941	2020-02-22	18.47186	-69.89232
1856057	Nagoya	JP	Japan	2191279	2017-04-09	35.18147	136.90641
2174003	Brisbane	AU	Australia	2189878	2022-03-07	-27.46794	153.02809
3553478	Havana	CU	Cuba	2163824	2019-09-05	23.13302	-82.38304
2038432	Baotou	CN	China	2150000	2021-12-13	40.6516	109.84389
2988507	Paris	FR	France	2138551	2021-07-25	48.85341	2.3488
1273865	Coimbatore	IN	India	2136916	2021-12-01	11.00555	76.96612
1785623	Kunshan	CN	China	2092496	2022-04-01	31.37762	120.95431
99071	Al Mawşil al Jadīdah	IQ	Iraq	2065597	2016-06-22	36.33271	43.10555
1791681	Weifang	CN	China	2044028	2021-09-22	36.71	119.10194
1783621	Zunyi	CN	China	2037775	2021-10-14	27.68667	106.90722
993800	Johannesburg	ZA	South Africa	2026469	2019-09-05	-26.20227	28.04363
388349	Al Başrah al Qadīmah	IQ	Iraq	2015483	2016-06-22	30.50316	47.81507
3911925	La Paz	BO	Bolivia	2004652	2021-11-27	-16.5	-68.15
10859300	Lianyungang	CN	China	2001009	2021-10-07	34.59845	119.21556
1526384	Almaty	KZ	Kazakhstan	2000900	2021-12-15	43.25	76.91667
3674962	Medellín	CO	Colombia	1999979	2019-09-05	6.25184	-75.56359
1512569	Tashkent	UZ	Uzbekistan	1978028	2019-09-05	41.26465	69.21627
2507480	Algiers	DZ	Algeria	1977663	2019-09-05	36.73225	3.08746
1810638	Ganzhou	CN	China	1977253	2021-10-10	25.84664	114.9326
379252	Khartoum	SD	Sudan	1974647	2021-08-23	15.55177	32.53241
2306104	Accra	GH	Ghana	1963264	2019-12-05	5.55602	-0.1969
3657509	Guayaquil	EC	Ecuador	1952029	2021-08-01	-2.19616	-79.88621
8347664	Ordos	CN	China	1940653	2021-09-20	39.6086	109.78157
71137	Sanaa	YE	Yemen	1937451	2021-07-30	15.35472	44.20667
276781	Beirut	LB	Lebanon	1916100	2019-09-05	33.89332	35.50157
1797121	Jieyang	CN	China	1899394	2021-10-07	23.5418	116.36581
2063523	Perth	AU	Australia	1896548	2022-03-07	-31.95224	115.8614
2036502	Jilin	CN	China	1895865	2022-06-14	43.85083	126.56028
2128295	Sapporo	JP	Japan	1883027	2021-08-25	43.06667	141.35
683506	Bucharest	RO	Romania	1877155	2016-02-07	44.43225	26.10626
2422488	Camayenne	GN	Guinea	1871242	2012-01-18	9.535	-13.68778
2324774	Port Harcourt	NG	Nigeria	1865000	2022-04-01	4.77742	7.0134
1800146	Nanchong	CN	China	1858875	2021-10-19	30.79508	106.08473
2037799	Datong	CN	China	1850000	2021-12-13	40.09361	113.29139
1269743	Indore	IN	India	1837041	2021-08-08	22.71792	75.8333
3904906	Santa Cruz de la Sierra	BO	Bolivia	1831434	2021-11-10	-17.78629	-63.18117
1253573	Vadodara	IN	India	1822221	2021-10-07	22.29941	73.20812
3526683	Iztapalapa	MX	Mexico	1815786	2018-11-03	19.35529	-99.06224
1799629	Nanyang	CN	China	1811812	2021-10-20	32.99472	112.53278
1806299	Jiangmen	CN	China	1795459	2021-12-13	22.58333	113.08333
2347283	Benin City	NG	Nigeria	1782000	2022-04-01	6.33815	5.62575
1815251	Jiangyin	CN	China	1779515	2022-04-01	31.91102	120.26302
1810845	Fuyang	CN	China	1768947	2021-10-18	32.9	115.81667
2422465	Conakry	GN	Guinea	1767200	2018-05-26	9.53795	-13.67729
11838258	Bayan Nur	CN	China	1760000	2021-09-20	40.74143	107.38599
3632998	Maracay	VE	Venezuela	1754256	2016-01-07	10.23535	-67.59113
1214520	Medan	ID	Indonesia	1750971	2019-09-05	3.58333	98.66667
1815395	Chaozhou	CN	China	1750945	2021-10-07	23.65396	116.62262
1166993	Rawalpindi	PK	Pakistan	1743101	2021-08-03	33.59733	73.0479
625144	Minsk	BY	Belarus	1742124	2022-05-05	53.9	27.56667
3054643	Budapest	HU	Hungary	1741041	2022-02-21	47.49835	19.04045
99072	Mosul	IQ	Iraq	1739800	2019-02-26	36.335	43.11889
2911298	Hamburg	DE	Germany	1739117	2022-04-07	53.55073	9.99302
1797945	Qingyuan	CN	China	1738424	2021-10-14	23.7	113.03333
1793724	Tai’an	CN	China	1735425	2021-10-20	36.18528	117.12
3464975	Curitiba	BR	Brazil	1718421	2019-09-05	-25.42778	-49.27306
756135	Warsaw	PL	Poland	1702139	2022-03-09	52.22977	21.01178
1650357	Bandung	ID	Indonesia	1699719	2019-09-05	-6.92222	107.60694
953781	Soweto	ZA	South Africa	1695047	2012-07-12	-26.26781	27.85849
2761369	Vienna	AT	Austria	1691468	2022-04-12	48.20849	16.37208
12165956	Kallakurichi	IN	India	1682687	2020-05-17	11.73379	78.95925
1788852	Xining	CN	China	1677177	2021-12-13	36.62554	101.75739
7283386	Changshu	CN	China	1677050	2022-04-01	31.64615	120.74221
1807681	Huainan	CN	China	1666826	2021-10-18	32.62639	116.99694
2538475	Rabat	MA	Morocco	1655753	2019-09-05	34.01325	-6.83255
3529612	Ecatepec de Morelos	MX	Mexico	1655015	2021-08-01	19.60492	-99.06064
1793743	Suzhou	CN	China	1647642	2021-10-18	33.63611	116.97889
1802206	Lu’an	CN	China	1644344	2021-10-18	31.73561	116.51688
3128760	Barcelona	ES	Spain	1621537	2022-03-09	41.38879	2.15899
3625549	Valencia	VE	Venezuela	1619470	2021-10-28	10.16202	-68.00765
964137	Pretoria	ZA	South Africa	1619438	2019-09-05	-25.74486	28.18783
1787746	Yancheng	CN	China	1615717	2021-10-07	33.3575	120.1573
5308655	Phoenix	US	United States	1608139	2022-01-28	33.44838	-112.07404
1793505	Taizhou	CN	China	1607108	2021-10-07	32.49069	119.90812
2037860	Daqing	CN	China	1604027	2022-01-16	46.58333	125.0
4560349	Philadelphia	US	United States	1603797	2022-05-27	39.95238	-75.16362
170063	Aleppo	SY	Syrian Arab Republic	1602264	2019-09-05	36.20124	37.16117
1701668	Manila	PH	Philippines	1600000	2022-03-03	14.6042	120.9822
6077243	Montréal	CA	Canada	1600000	2019-02-25	45.50884	-73.58781
1260086	Patna	IN	India	1599920	2018-12-14	25.59408	85.13563
1275841	Bhopāl	IN	India	1599914	2020-06-10	23.25469	77.40289
3663517	Manaus	BR	Brazil	1598210	2021-08-08	-3.10194	-60.025
1791236	Wuhu	CN	China	1598165	2021-12-13	31.33728	118.37351
1813325	Dazhou	CN	China	1589435	2022-05-22	31.2106	107.46308
1787227	Yangzhou	CN	China	1584237	2021-10-07	32.39722	119.43583
2335727	Kaduna	NG	Nigeria	1582102	2019-09-05	10.52641	7.43879
1821306	Phnom Penh	KH	Cambodia	1573544	2021-08-04	11.56245	104.91601
1809498	Guilin	CN	China	1572300	2021-10-13	25.28022	110.29639
170654	Damascus	SY	Syrian Arab Republic	1569394	2019-09-05	33.5102	36.29128
1784853	Zhaoqing	CN	China	1553109	2021-10-14	23.04893	112.46091
1800627	Mianyang	CN	China	1550000	2021-12-13	31.46784	104.68168
418863	Isfahan	IR	Iran	1547164	2019-09-05	32.65246	51.67462
1264728	Ludhiāna	IN	India	1545368	2017-03-07	30.91204	75.85379
890299	Harare	ZW	Zimbabwe	1542813	2019-09-05	-17.82772	31.05337
1798449	Putian	CN	China	1539389	2021-12-13	25.43944	119.01028
1783934	Shangqiu	CN	China	1536392	2021-10-18	34.45	115.65
1859171	Kobe	JP	Japan	1528478	2022-02-09	34.6913	135.183
1649378	Bekasi	ID	Indonesia	1520119	2021-08-02	-6.2349	106.9896
1673820	Kaohsiung	TW	Taiwan	1519711	2017-09-26	22.61626	120.31333
2673730	Stockholm	SE	Sweden	1515017	2022-03-09	59.32938	18.06871
1720151	Caloocan City	PH	Philippines	1500000	2017-12-13	14.64953	120.96788
4005539	Guadalajara	MX	Mexico	1495182	2019-09-05	20.66682	-103.39182
1786657	Yinchuan	CN	China	1487579	2021-10-07	38.46806	106.27306
5125771	Manhattan	US	United States	1487536	2021-08-20	40.78343	-73.96625
8400694	Taizhou	CN	China	1485502	2021-12-13	28.66266	121.43312
3439389	Asunción	PY	Paraguay	1482200	2019-09-05	-25.28646	-57.647
1814870	Yiwu	CN	China	1481384	2021-12-13	29.31506	120.07676
3390760	Recife	BR	Brazil	1478098	2021-08-20	-8.05389	-34.88111
1835235	Daejeon	KR	Korea	1475221	2021-08-20	36.34913	127.38493
4726206	San Antonio	US	United States	1469845	2019-09-19	29.42412	-98.49363
1797353	Quanzhou	CN	China	1469157	2021-12-13	24.91389	118.58583
2298890	Kumasi	GH	Ghana	1468609	2021-08-08	6.68848	-1.62443
1264521	Madurai	IN	India	1465625	2021-12-01	9.919	78.11953
1805528	Jinhua	CN	China	1463990	2021-10-07	29.10678	119.64421
1736376	Kota Bharu	MY	Malaysia	1459994	2021-04-17	6.12361	102.24333
1857910	Kyoto	JP	Japan	1459640	2019-09-05	35.02107	135.75385
1806602	Cixi	CN	China	1457510	2021-12-13	30.1764	121.2457
1791121	Changde	CN	China	1457419	2021-10-11	29.03205	111.69844
1735161	Kuala Lumpur	MY	Malaysia	1453975	2021-04-17	3.1412	101.68653
1804879	Kaifeng	CN	China	1451741	2021-10-20	34.7986	114.30742
2038632	Anshan	CN	China	1450000	2021-12-13	41.12361	122.99
128747	Karaj	IR	Iran	1448075	2021-08-20	35.83266	50.99155
1283240	Kathmandu	NP	Nepal	1442271	2019-10-18	27.70169	85.3206
1633070	Palembang	ID	Indonesia	1441500	2019-09-05	-2.91673	104.7458
10942359	Baoji	CN	China	1437802	2021-11-11	34.36775	107.23705
1793771	Suqian	CN	China	1437685	2021-10-07	33.94917	118.29583
1169825	Multan	PK	Pakistan	1437230	2021-08-20	30.19679	71.47824
1803300	Liuzhou	CN	China	1436599	2021-10-13	24.32405	109.40698
1254361	Tirunelveli	IN	India	1435844	2017-08-27	8.72742	77.6838
3521081	Puebla	MX	Mexico	1434062	2021-08-20	19.03793	-98.20346
1787331	Zhangjiagang	CN	China	1432044	2022-04-01	31.865	120.53889
706483	Kharkiv	UA	Ukraine	1430885	2022-04-18	49.98081	36.25272
1279259	Agra	IN	India	1430055	2021-08-01	27.18333	78.01667
3860259	Córdoba	AR	Argentina	1428214	2019-09-05	-31.4135	-64.18105
113646	Tabriz	IR	Iran	1424641	2019-09-05	38.08	46.2919
1496747	Novosibirsk	RU	Russian Federation	1419007	2019-09-05	55.0415	82.9346
1841811	Gwangju	KR	Korea	1416938	2019-09-05	35.15472	126.91556
1797658	Jinjiang	CN	China	1416151	2021-12-13	24.81978	118.57415
750269	Bursa	TR	Turkey	1412701	2021-07-31	40.19559	29.06013
1816234	Bozhou	CN	China	1409436	2021-10-18	33.87722	115.77028
1797318	Qujing	CN	China	1408500	2021-10-14	25.48333	103.78333
3405870	Belém	BR	Brazil	1407737	2021-08-04	-1.45583	-48.50444
1784990	Zhanjiang	CN	China	1400709	2021-12-15	21.23391	110.38749
2037355	Fushun	CN	China	1400646	2021-09-20	41.88669	123.94363
3652462	Quito	EC	Ecuador	1399814	2019-09-05	-0.22985	-78.52495
5391811	San Diego	US	United States	1394928	2019-09-05	32.71571	-117.16472
1863967	Fukuoka	JP	Japan	1392289	2021-08-04	33.6	130.41667
1070940	Antananarivo	MG	Madagascar	1391433	2022-03-07	-18.91368	47.53613
1258847	Rājkot	IN	India	1390640	2021-10-07	22.29161	70.79322
1801792	Luoyang	CN	China	1390581	2019-09-05	34.68361	112.45361
1176734	Hyderabad	PK	Pakistan	1386330	2019-12-06	25.39242	68.37366
5110266	The Bronx	US	United States	1385108	2021-08-08	40.84985	-73.86641
1177662	Gujranwala	PK	Pakistan	1384471	2019-12-06	32.15567	74.18705
3689147	Barranquilla	CO	Colombia	1380425	2021-08-04	10.96854	-74.78132
1802875	Guankou	CN	China	1380000	2021-09-20	28.15861	113.62709
922704	Lubumbashi	CD	Congo	1373770	2021-09-10	-11.66089	27.47938
3452925	Porto Alegre	BR	Brazil	1372741	2019-09-05	-30.03283	-51.23019
1625084	Tangerang	ID	Indonesia	1372124	2021-08-02	-6.17806	106.63
1262111	Najafgarh	IN	India	1365000	2019-07-18	28.60922	76.97982
1808963	Handan	CN	China	1358318	2020-10-31	36.60999	114.48764
232422	Kampala	UG	Uganda	1353189	2020-07-16	0.31628	32.58219
1786764	Yichang	CN	China	1350150	2021-10-12	30.71444	111.28472
1486209	Yekaterinburg	RU	Russian Federation	1349772	2020-08-11	56.8519	60.6122
1808198	Heze	CN	China	1346717	2022-01-14	35.23929	115.47358
1336135	Khulna	BD	Bangladesh	1342339	2016-11-09	22.80979	89.56439
1269300	Jamshedpur	IN	India	1339438	2021-12-01	22.80278	86.18545
2232593	Douala	CM	Cameroon	1338082	2019-09-05	4.04827	9.70428
1270926	Gorakhpur	IN	India	1324570	2017-09-05	29.44768	75.67206
292672	Sharjah	AE	United Arab Emirates	1324473	2019-09-05	25.33737	55.41206
104515	Mecca	SA	Saudi Arabia	1323624	2020-05-28	21.42664	39.82563
1622786	Makassar	ID	Indonesia	1321717	2019-04-10	-5.14861	119.43194
4013708	Ciudad Juárez	MX	Mexico	1321004	2021-09-19	31.72024	-106.46084
8533133	Liupanshui	CN	China	1320825	2021-10-14	26.59444	104.83333
1801180	Maoming	CN	China	1307802	2022-01-16	21.66625	110.91364
1859642	Kawasaki	JP	Japan	1306785	2021-08-31	35.52056	139.71722
8581443	South Tangerang	ID	Indonesia	1303569	2013-11-29	-6.28862	106.71789
3981609	Tijuana	MX	Mexico	1300983	2021-08-01	32.5027	-117.00371
4684888	Dallas	US	United States	1300092	2021-07-25	32.78306	-96.80667
109223	Medina	SA	Saudi Arabia	1300000	2019-09-05	24.46861	39.61417
2220957	Yaoundé	CM	Cameroon	1299369	2019-09-05	3.86667	11.51667
2460596	Bamako	ML	Mali	1297281	2021-03-08	12.65	-8.0
1797551	Qinzhou	CN	China	1296300	2021-10-13	21.98247	108.65061
1801934	Luohe	CN	China	1294974	2021-10-20	33.56394	114.04272
1790587	Xiangyang	CN	China	1294733	2021-10-20	32.0422	112.14479
1806408	Yangjiang	CN	China	1292987	2021-10-14	21.85563	111.96272
1261731	Nashik	IN	India	1289497	2014-10-13	19.99727	73.79096
1627896	Semarang	ID	Indonesia	1288084	2019-09-05	-6.99306	110.42083
1786760	Yixing	CN	China	1285785	2022-04-01	31.36059	119.82016
2260535	Brazzaville	CG	Congo	1284609	2012-04-25	-4.26613	15.28318
1259652	Pimpri	IN	India	1284606	2014-10-13	18.62292	73.80696
520555	Nizhniy Novgorod	RU	Russian Federation	1284164	2022-02-22	56.32867	44.00205
250441	Amman	JO	Jordan	1275857	2019-09-05	31.95522	35.94503
1723510	Budta	PH	Philippines	1273715	2017-12-13	7.20417	124.43972
792680	Belgrade	RS	Serbia	1273651	2020-01-31	44.80401	20.46513
3441575	Montevideo	UY	Uruguay	1270737	2019-09-05	-34.90328	-56.18816
909137	Lusaka	ZM	Zambia	1267440	2019-09-05	-15.40669	28.28713
1788046	Xuchang	CN	China	1265536	2018-12-06	34.03189	113.86299
1268295	Kalyān	IN	India	1262255	2014-10-13	19.2437	73.13554
1783745	Zigong	CN	China	1262064	2021-10-19	29.34162	104.77689
1254661	Thāne	IN	India	1261517	2020-06-10	19.19704	72.96355
2867714	Munich	DE	Germany	1260391	2020-12-15	48.13743	11.57549
10630003	Xuzhou	CN	China	1253991	2021-09-07	34.20442	117.28386
268743	Ra’s Bayrūt	LB	Lebanon	1251739	2006-01-17	33.9	35.48333
1799491	Neijiang	CN	China	1251095	2021-10-19	29.58354	105.06216
115019	Shiraz	IR	Iran	1249942	2019-09-05	29.61031	52.53113
1808316	Yiyang	CN	China	1249807	2021-10-20	28.58917	112.32833
325363	Adana	TR	Turkey	1248988	2021-07-31	36.98615	35.32531
1835553	Suwon	KR	Korea	1242724	2017-10-04	37.29111	127.00889
1805518	Jining	CN	China	1241012	2021-10-08	35.405	116.58139
349076	Shubrā al Khaymah	EG	Egypt	1240289	2022-04-18	30.12511	31.25053
3998655	León de los Aldama	MX	Mexico	1238962	2018-11-03	21.12908	-101.67374
3173435	Milan	IT	Italy	1236837	2020-05-28	45.46427	9.18951
2352778	Abuja	NG	Nigeria	1235880	2022-04-01	9.05785	7.49508
3718426	Port-au-Prince	HT	Haiti	1234742	2019-09-05	18.54349	-72.33881
1788534	Xinyang	CN	China	1230042	2021-10-20	32.12278	114.06556
1803834	Liaocheng	CN	China	1229768	2021-10-20	36.45064	116.00247
10942283	Jinzhong	CN	China	1226617	2021-10-21	37.68403	112.75471
2078025	Adelaide	AU	Australia	1225235	2022-03-07	-34.92866	138.59863
1263214	Meerut	IN	India	1223184	2015-05-06	28.98002	77.70636
1261162	Nowrangapur	IN	India	1220946	2014-10-14	19.23114	82.54826
1271951	Faridabad	IN	India	1220229	2021-08-01	28.41124	77.31316
1168197	Peshawar	PK	Pakistan	1218773	2019-12-06	34.008	71.57849
1808956	Changzhi	CN	China	1214940	2021-10-11	36.18389	113.10528
1792892	Tianshui	CN	China	1212791	2021-10-13	34.57952	105.74238
1715348	Davao	PH	Philippines	1212504	2017-12-13	7.07306	125.61278
1311874	Mandalay	MM	Myanmar	1208099	2019-09-05	21.97473	96.08359
3492914	Santiago de los Caballeros	DO	Dominican Republic	1200000	2020-10-23	19.4517	-70.69703
365137	Omdurman	SD	Sudan	1200000	2012-02-02	15.64453	32.47773
1791636	Weinan	CN	China	1199290	2021-11-11	34.50355	109.50891
1271308	Ghāziābād	IN	India	1199191	2018-07-13	28.66535	77.43915
1645524	Depok	ID	Indonesia	1198129	2021-08-02	-6.4	106.81861
1272979	Dhanbad	IN	India	1196214	2021-12-04	23.79759	86.42992
6940394	Saitama	JP	Japan	1193350	2017-07-22	35.90807	139.65657
1272423	Dombivli	IN	India	1193000	2014-10-13	19.21667	73.08333
1040652	Maputo	MZ	Mozambique	1191613	2020-07-30	-25.96553	32.58322
3514674	Gustavo Adolfo Madero	MX	Mexico	1185772	2018-11-03	19.49392	-99.11075
1805953	Jiaxing	CN	China	1180000	2021-12-13	30.7522	120.75
3838583	Rosario	AR	Argentina	1173533	2015-04-22	-32.94682	-60.63932
3462377	Goiânia	BR	Brazil	1171195	2010-01-21	-16.67861	-49.25389
3461786	Guarulhos	BR	Brazil	1169577	2017-12-12	-23.46278	-46.53333
3067696	Prague	CZ	Czech Republic	1165581	2020-05-28	50.08804	14.42076
1253405	Varanasi	IN	India	1164404	2019-05-07	25.31668	83.01041
6295587	Batam	ID	Indonesia	1164352	2020-11-01	1.14937	104.02491
1805179	Jiujiang	CN	China	1164268	2021-10-11	29.70475	116.00206
2618425	Copenhagen	DK	Denmark	1153615	2012-11-26	55.67594	12.56553
727011	Sofia	BG	Bulgaria	1152556	2022-05-05	42.69751	23.32415
2210247	Tripoli	LY	Libyan Arab Jamahiriya	1150989	2019-09-05	32.88743	13.18733
1785294	Anyang	CN	China	1146839	2021-10-20	36.096	114.38278
1862415	Hiroshima	JP	Japan	1143841	2021-08-25	34.4	132.45
3979770	Zapopan	MX	Mexico	1142483	2021-08-08	20.72356	-103.38479
1816373	Bijie	CN	China	1137383	2021-10-14	27.30193	105.28627
3995465	Monterrey	MX	Mexico	1135512	2019-09-05	25.67507	-100.31847
499099	Samara	RU	Russian Federation	1134730	2021-09-19	53.20007	50.15
202061	Kigali	RW	Rwanda	1132686	2021-11-09	-1.94995	30.05885
1783763	Zhuzhou	CN	China	1129687	2021-10-20	27.83333	113.15
1496153	Omsk	RU	Russian Federation	1129281	2021-09-19	54.99244	73.36859
1978681	Malingao	PH	Philippines	1121974	2017-12-13	7.16083	124.475
1258526	Ranchi	IN	India	1120374	2021-12-01	23.34316	85.3094
587084	Baku	AZ	Azerbaijan	1116513	2019-09-05	40.37767	49.89201
1787858	Shangrao	CN	China	1116486	2021-10-07	28.45179	117.94287
3648522	Barquisimeto	VE	Venezuela	1114097	2021-10-28	10.0647	-69.35703
1807700	Huaibei	CN	China	1113321	2021-10-18	33.97444	116.79167
2331447	Maiduguri	NG	Nigeria	1112449	2019-05-17	11.84692	13.15712
1800818	Meishan	CN	China	1107742	2021-10-19	30.04392	103.83696
551487	Kazan	RU	Russian Federation	1104738	2019-09-05	55.78874	49.12214
3530589	Ciudad Nezahualcoyotl	MX	Mexico	1104585	2021-10-07	19.40061	-99.01483
616052	Yerevan	AM	Armenia	1093485	2019-09-05	40.18111	44.51361
1278710	Amritsar	IN	India	1092450	2015-11-08	31.62234	74.87534
1810820	Fuzhou	CN	China	1089888	2021-10-20	27.95999	116.33333
2357048	Ouagadougou	BF	Burkina Faso	1086505	2021-03-10	12.36566	-1.53388
1809532	Guigang	CN	China	1086327	2021-10-14	23.11603	109.59472
1808370	Hengyang	CN	China	1075516	2021-10-12	26.88946	112.61888
501175	Rostov-na-Donu	RU	Russian Federation	1074482	2019-09-05	47.23135	39.72328
1278994	Allahābād	IN	India	1073438	2020-07-10	25.44478	81.84322
1842485	Goyang-si	KR	Korea	1073069	2022-02-27	37.65639	126.835
314830	Gaziantep	TR	Turkey	1065975	2021-08-01	37.05944	37.3825
1253102	Visakhapatnam	IN	India	1063178	2019-09-05	17.68009	83.20161
2111149	Sendai	JP	Japan	1063103	2021-08-25	38.26667	140.86667
1508291	Chelyabinsk	RU	Russian Federation	1062919	2021-08-08	55.15402	61.42915
1785781	Yulin	CN	China	1056743	2021-10-14	22.6305	110.14686
1805540	Jingzhou	CN	China	1052282	2021-10-20	30.35028	112.19028
611717	Tbilisi	GE	Georgia	1049498	2019-12-03	41.69411	44.83368
1788572	Xinxiang	CN	China	1047088	2021-11-21	35.19033	113.80151
1786746	Yichun	CN	China	1045952	2021-10-11	27.83333	114.4
1668399	Taichung	TW	Taiwan	1040725	2021-08-01	24.1469	120.6839
1254745	Teni	IN	India	1034724	2017-08-02	10.01115	77.47772
1790353	Xianyang	CN	China	1034081	2021-09-20	34.33778	108.70261
479561	Ufa	RU	Russian Federation	1033338	2019-09-05	54.74306	55.96779
1897000	Seongnam-si	KR	Korea	1031935	2014-01-19	37.43861	127.13778
3467865	Campinas	BR	Brazil	1031554	2021-09-19	-22.90556	-47.06083
1796556	Sanya	CN	China	1031396	2021-12-06	18.24306	109.505
1269633	Jabalpur	IN	India	1030168	2021-09-19	23.16697	79.95006
1795874	Shaoguan	CN	China	1028460	2021-10-14	24.8	113.58333
1270396	Hāora	IN	India	1027672	2020-06-10	22.57688	88.31857
5392171	San Jose	US	United States	1026908	2019-09-05	37.33939	-121.89496
1802276	Longyan	CN	China	1025087	2021-10-08	25.07485	117.01775
709717	Donetsk	UA	Ukraine	1024700	2022-02-27	48.023	37.80224
2964574	Dublin	IE	Ireland	1024027	2022-03-09	53.33306	-6.24889
1254388	Tiruchirappalli	IN	India	1022518	2021-12-01	10.8155	78.69651
1786217	Yongzhou	CN	China	1020715	2021-10-13	26.42389	111.61306
5913490	Calgary	CA	Canada	1019942	2019-09-05	51.05011	-114.08529
2800866	Brussels	BE	Belgium	1019022	2022-03-09	50.85045	4.34878
1278149	Aurangabad	IN	India	1016441	2021-08-02	19.87757	75.34226
1806535	Huzhou	CN	China	1015937	2021-10-07	30.8703	120.0933
698740	Odessa	UA	Ukraine	1013159	2022-03-22	46.48572	30.74383
472757	Volgograd	RU	Russian Federation	1011417	2019-09-05	48.71939	44.50183
1803936	Wuwei	CN	China	1010295	2021-12-17	37.92672	102.63202
1808857	Hanzhong	CN	China	1006557	2021-10-20	33.07507	107.02214
7576887	Hezhou	CN	China	1005490	2021-10-14	24.40357	111.56675
3456160	Nova Iguaçu	BR	Brazil	1002118	2012-03-10	-22.75917	-43.45111
6943660	Shivaji Nagar	IN	India	1000000	2019-06-06	18.53017	73.85263
7602670	Zhu Cheng City	CN	China	1000000	2021-09-20	35.99502	119.40259
1812101	Dongying	CN	China	998968	2021-10-09	37.46271	118.49165
1801640	Luzhou	CN	China	998900	2021-10-19	28.8903	105.42575
709930	Dnipro	UA	Ukraine	998103	2022-02-27	48.46664	35.04066
1859307	Kitakyushu	JP	Japan	997536	2017-07-22	33.85181	130.85034
1256436	Solāpur	IN	India	997281	2017-03-21	17.67152	75.91044
3598132	Guatemala City	GT	Guatemala	994938	2020-07-15	14.64072	-90.51327
1800779	Meizhou	CN	China	992351	2021-10-08	24.28859	116.11768
1927639	Yueyang	CN	China	991465	2021-10-11	29.37455	113.09481
1804591	Laiwu	CN	China	989535	2021-11-04	36.19278	117.65694
1583992	Da Nang	VN	Viet Nam	988561	2021-12-08	16.06778	108.22083
2038300	Benxi	CN	China	987717	2018-12-06	41.28861	123.765
2655603	Birmingham	GB	United Kingdom	984333	2021-07-25	52.48142	-1.89983
511196	Perm	RU	Russian Federation	982419	2019-09-05	58.01046	56.25017
1798827	Pingdingshan	CN	China	979130	2021-10-20	33.73847	113.30119
1255634	Srinagar	IN	India	975857	2019-09-05	34.08565	74.80555
2317765	Zaria	NG	Nigeria	975153	2016-06-22	11.11128	7.7227
3617763	Managua	NI	Nicaragua	973087	2019-09-05	12.13282	-86.2504
1816440	Bengbu	CN	China	972784	2021-10-07	32.94083	117.36083
964420	Port Elizabeth	ZA	South Africa	967677	2021-05-05	-33.96109	25.61494
2548885	Fès	MA	Morocco	964891	2020-06-11	34.03313	-5.00028
2886242	Köln	DE	Germany	963395	2020-11-12	50.93333	6.95
1254348	Tiruppur	IN	India	963173	2021-12-01	11.11541	77.35456
1833747	Ulsan	KR	Korea	962865	2021-09-19	35.53722	129.31667
1274746	Chandīgarh	IN	India	960787	2020-06-10	30.73629	76.7884
3172394	Naples	IT	Italy	959470	2019-09-19	40.85216	14.26811
1790492	Xiangtan	CN	China	959303	2021-10-20	27.85	112.9
1803567	Linfen	CN	China	959198	2021-10-11	36.08889	111.51889
1931681	Victoria	HK	Hong Kong	956800	2022-06-25	22.2875	114.14417
3395981	Maceió	BR	Brazil	954991	2010-01-21	-9.66583	-35.73528
3687238	Cartagena	CO	Colombia	952024	2018-04-20	10.39972	-75.51444
1784642	Zhenjiang	CN	China	950516	2021-10-07	32.21086	119.45508
3645528	Ciudad Guayana	VE	Venezuela	950052	2021-11-07	8.35122	-62.64102
4160021	Jacksonville	US	United States	949611	2022-01-28	30.33218	-81.65565
101760	Sulţānah	SA	Saudi Arabia	946697	2012-01-16	24.49258	39.58572
2274895	Monrovia	LR	Liberia	939524	2019-09-05	6.30054	-10.7969
3489854	Kingston	JM	Jamaica	937700	2021-08-01	17.99702	-76.79358
1281673	Baoshan	CN	China	935618	2021-10-18	25.11626	99.16366
95446	Erbil	IQ	Iraq	932800	2020-10-21	36.18333	44.01193
4671654	Austin	US	United States	931830	2019-09-05	30.26715	-97.74306
1797063	Rui’an	CN	China	927383	2021-10-07	27.77605	120.65859
1502026	Krasnoyarsk	RU	Russian Federation	927200	2021-10-07	56.01839	92.86717
6611854	Nay Pyi Taw	MM	Myanmar	925000	2017-09-27	19.745	96.12972
1268865	Jodhpur	IN	India	921476	2020-10-24	26.26841	73.00594
2113015	Chiba	JP	Japan	919729	2017-04-09	35.6	140.11667
4691930	Fort Worth	US	United States	918915	2022-01-28	32.72541	-97.32085
1257629	Salem	IN	India	917414	2021-12-01	11.65376	78.15538
3388368	São Luís	BR	Brazil	917237	2017-12-27	-2.52972	-44.30278
1804609	Laibin	CN	China	910282	2021-10-14	23.74743	109.22222
1790254	Xiaogan	CN	China	908266	2021-10-20	30.92689	113.92221
4509177	Columbus	US	United States	905748	2022-01-28	39.96118	-82.99879
1783683	Ziyang	CN	China	905729	2021-10-19	30.12108	104.64811
2537763	Sale	MA	Morocco	903485	2016-11-04	34.0531	-6.79846
1797264	Quzhou	CN	China	902767	2021-10-07	28.95944	118.86861
100077	Abū Ghurayb	IQ	Iraq	900000	2015-01-07	33.30563	44.18477
119208	Qom	IR	Iran	900000	2019-09-05	34.6401	50.8764
1528675	Bishkek	KG	Kyrgyzstan	900000	2019-09-05	42.87	74.59
2293521	Abobo	CI	Côte d'Ivoire	900000	2019-02-26	5.41613	-4.0159
1785453	Zaozhuang	CN	China	899753	2021-10-18	34.86472	117.55417
1271476	Guwahati	IN	India	899094	2015-06-03	26.1844	91.7458
2353151	Aba	NG	Nigeria	897560	2020-06-29	5.10658	7.36667
1798654	Pingxiang	CN	China	893550	2021-10-20	27.61672	113.85353
4259418	Indianapolis	US	United States	887642	2022-01-28	39.76838	-86.15804
1886762	Zhoushan	CN	China	882932	2021-10-07	29.98869	122.20488
1270583	Gwalior	IN	India	882458	2014-10-14	26.22983	78.17337
2035265	Qiqihar	CN	China	882364	2022-03-11	47.33922	123.96154
1732905	Klang	MY	Malaysia	879867	2021-04-17	3.03667	101.44333
3844421	Mendoza	AR	Argentina	876884	2020-07-08	-32.89084	-68.82717
306571	Konya	TR	Turkey	875530	2019-09-05	37.87135	32.48464
1802940	Puning	CN	China	874954	2021-10-07	23.31072	116.16869
209228	Mbuji-Mayi	CD	Congo	874761	2022-02-14	-6.13603	23.58979
1253184	Vijayawada	IN	India	874587	2019-05-07	16.50745	80.6466
4460243	Charlotte	US	United States	874579	2022-01-28	35.22709	-80.84313
2246678	Pikine	SN	Senegal	874062	2012-12-05	14.76457	-17.39071
3165524	Turin	IT	Italy	870456	2022-03-19	45.07049	7.68682
1789065	Ankang	CN	China	870126	2021-10-20	32.68	109.01722
1262321	Mysore	IN	India	868313	2019-04-01	12.29791	76.63925
1804540	Langfang	CN	China	868066	2021-10-20	39.50972	116.69472
1805987	Jiaozuo	CN	China	865413	2021-10-20	35.23972	113.23306
5391959	San Francisco	US	United States	864816	2022-03-09	37.77493	-122.41942
2644210	Liverpool	GB	United Kingdom	864122	2021-07-25	53.41058	-2.97794
498677	Saratov	RU	Russian Federation	863725	2021-01-22	51.54056	46.00861
12069922	Rohini	IN	India	860000	2019-07-18	28.74322	77.06778
1799194	Guang’an	CN	China	858159	2021-10-19	30.47413	106.63696
3600949	Tegucigalpa	HN	Honduras	850848	2019-09-05	14.0818	-87.20681
1838716	Bucheon-si	KR	Korea	850731	2014-01-19	37.49889	126.78306
472045	Voronezh	RU	Russian Federation	848752	2021-08-08	51.67204	39.1843
2028462	Ulan Bator	MN	Mongolia	844818	2018-08-23	47.90771	106.88324
1791673	Weihai	CN	China	844310	2021-10-09	37.50914	122.11356
1821940	Takeo	KH	Cambodia	843931	2021-01-02	10.99081	104.78498
1581298	Haiphong	VN	Viet Nam	841520	2021-12-08	20.86481	106.68345
3919968	Cochabamba	BO	Bolivia	841276	2021-11-10	-17.3895	-66.1568
144448	Ahvaz	IR	Iran	841145	2019-09-05	31.31901	48.6842
3947322	Arequipa	PE	Peru	841130	2019-09-05	-16.39889	-71.535
1633419	Padang	ID	Indonesia	840352	2019-09-05	-0.94924	100.35427
1269920	Hubli	IN	India	840214	2018-01-11	15.34776	75.13378
1785412	Zhabei	CN	China	840000	2021-09-20	31.25861	121.45972
1788508	Xinyu	CN	China	839488	2021-10-20	27.80429	114.93335
2542997	Marrakesh	MA	Morocco	839296	2016-11-03	31.63416	-7.99994
1786770	Yibin	CN	China	836340	2021-10-19	28.7593	104.63994
1645528	Denpasar	ID	Indonesia	834881	2019-09-05	-8.65	115.21667
1771023	Kampung Baru Subang	MY	Malaysia	833571	2021-04-17	3.15	101.53333
1793703	Taicang	CN	China	831113	2022-04-01	31.44778	121.09389
1587923	Biên Hòa	VN	Viet Nam	830829	2021-12-08	10.94469	106.82432
1815059	Chenzhou	CN	China	822534	2022-01-17	25.8	113.03333
3464374	Duque de Caxias	BR	Brazil	818329	2014-11-03	-22.78556	-43.31167
2335953	Jos	NG	Nigeria	816824	2016-01-30	9.92849	8.89212
2509954	Valencia	ES	Spain	814208	2019-09-05	39.46975	-0.37739
2337639	Ilorin	NG	Nigeria	814192	2019-09-05	8.49664	4.54214
3946083	Callao	PE	Peru	813264	2019-09-05	-12.05659	-77.11814
6094817	Ottawa	CA	Canada	812129	2019-09-05	45.41117	-75.69812
1586203	Cần Thơ	VN	Viet Nam	812088	2021-12-08	10.03711	105.78825
4014338	Chihuahua	MX	Mexico	809232	2021-08-08	28.63528	-106.08889
1817993	Anqing	CN	China	804493	2021-10-18	30.51365	117.04723
2409306	Freetown	SL	Sierra Leone	802639	2019-10-28	8.48714	-13.2356
1732752	Johor Bahru	MY	Malaysia	802489	2021-04-17	1.4655	103.7578
281184	Jerusalem	IL	Israel	801000	2022-02-24	31.76904	35.21633
1624917	Bandar Lampung	ID	Indonesia	800348	2016-04-10	-5.42917	105.26111
1261809	Narela	IN	India	800000	2019-07-18	28.85267	77.09288
1648473	Bogor	ID	Indonesia	800000	2021-08-04	-6.59444	106.78917
186301	Mombasa	KE	Kenya	799668	2021-09-19	-4.05466	39.66359
1788927	Xingtai	CN	China	798770	2021-10-20	37.06306	114.49417
1717512	Cebu City	PH	Philippines	798634	2021-08-08	10.31672	123.89071
1855431	Niigata	JP	Japan	797591	2021-09-29	37.88637	139.00589
287286	Muscat	OM	Oman	797000	2019-09-05	23.58413	58.40778
2995469	Marseille	FR	France	794811	2020-05-15	43.29695	5.38107
250090	Zarqa	JO	Jordan	792665	2013-04-21	32.07275	36.08796
3522790	Naucalpan de Juárez	MX	Mexico	792211	2018-11-03	19.47851	-99.23963
6955677	Çankaya	TR	Turkey	792189	2019-02-27	39.9179	32.86268
1863289	Hamamatsu	JP	Japan	791707	2021-11-05	34.7	137.73333
1167460	Rahim Yar Khan	PK	Pakistan	788915	2017-09-26	28.41987	70.30345
10630176	Pasragad Branch	IR	Iran	787878	2015-09-02	34.77772	48.47168
1784841	Zhaotong	CN	China	787845	2021-10-19	27.31667	103.71667
6929460	Panzhihua	CN	China	787177	2021-10-19	26.58509	101.71276
2474141	Boumerdas	DZ	Algeria	786499	2020-06-02	36.76639	3.47717
1268782	Jalandhar	IN	India	785178	2018-10-19	31.32556	75.57917
1254163	Thiruvananthapuram	IN	India	784153	2020-05-01	8.4855	76.94924
1814757	Chuzhou	CN	China	782671	2021-10-18	32.32194	118.29778
1853195	Sakai	JP	Japan	782339	2017-07-22	34.58333	135.46667
3836873	San Miguel de Tucumán	AR	Argentina	781023	2019-09-05	-26.82414	-65.2226
358619	Port Said	EG	Egypt	780515	2022-04-18	31.26531	32.3019
2394819	Cotonou	BJ	Benin	780000	2019-09-05	6.36536	2.41833
3523349	Mérida	MX	Mexico	777615	2019-10-07	20.97537	-89.61696
169577	Homs	SY	Syrian Arab Republic	775404	2019-09-05	34.72682	36.72339
1788081	Xuanzhou	CN	China	774332	2021-10-21	30.9525	118.75528
2440485	Niamey	NE	Niger	774235	2019-09-05	13.51366	2.1098
1668355	Tainan	TW	Taiwan	771235	2021-08-08	22.99083	120.21333
1817720	Shangyu	CN	China	770000	2021-09-19	30.01556	120.87111
3093133	Łódź	PL	Poland	768755	2020-12-19	51.77058	19.47395
110336	Dammam	SA	Saudi Arabia	768602	2014-08-19	26.43442	50.10326
23814	Kahrīz	IR	Iran	766706	2012-01-16	34.3838	47.0553
1817968	Anshun	CN	China	765313	2021-10-14	26.25	105.93333
1266049	Kota	IN	India	763088	2019-02-28	25.18254	75.83907
3394023	Natal	BR	Brazil	763043	2019-02-27	-5.795	-35.20944
1275817	Bhubaneshwar	IN	India	762243	2014-10-14	20.27241	85.83385
1790840	Wuzhou	CN	China	761948	2021-10-14	23.48054	111.28848
1797595	Qinhuangdao	CN	China	759718	2018-12-06	39.93167	119.58833
323777	Antalya	TR	Turkey	758188	2021-08-01	36.90812	30.69556
3094802	Kraków	PL	Poland	755050	2020-09-18	50.06143	19.93658
1279017	Alīgarh	IN	India	753207	2020-06-10	27.88145	78.07464
1816920	Shaoyang	CN	China	753194	2021-10-13	27.23818	111.46214
965301	Pietermaritzburg	ZA	South Africa	750845	2019-09-05	-29.61679	30.39278
2365267	Lomé	TG	Togo	749700	2019-09-05	6.12874	1.22154
751324	Bağcılar	TR	Turkey	749024	2021-12-03	41.03903	28.85671
3691175	Trujillo	PE	Peru	747450	2019-09-05	-8.11599	-79.02998
1636722	Malang	ID	Indonesia	746716	2013-05-20	-7.9797	112.6304
1277013	Bareilly	IN	India	745435	2017-05-07	28.36678	79.43167
3386496	Teresina	BR	Brazil	744512	2019-09-05	-5.08917	-42.80194
3449344	São Bernardo do Campo	BR	Brazil	743372	2014-03-05	-23.69389	-46.565
2036986	Hegang	CN	China	743307	2021-12-15	47.34727	130.29033
456172	Riga	LV	Latvia	742572	2019-09-05	56.946	24.10589
2759794	Amsterdam	NL	Netherlands	741636	2022-03-09	52.37403	4.88969
1801620	Ma’anshan	CN	China	741531	2021-10-21	31.68579	118.51008
687700	Zaporizhzhya	UA	Ukraine	738728	2022-04-06	47.85167	35.11714
5809844	Seattle	US	United States	737015	2022-01-28	47.60621	-122.33207
2325200	Oyo	NG	Nigeria	736072	2022-06-18	7.85367	3.93235
1812961	Deyang	CN	China	735070	2021-10-19	31.13019	104.38198
1167528	Quetta	PK	Pakistan	733675	2021-10-07	30.18414	67.00141
1787351	Yangquan	CN	China	731228	2021-10-21	37.8575	113.56333
3467747	Campo Grande	BR	Brazil	729151	2019-09-05	-20.44278	-54.64639
162183	Ashgabat	TM	Turkmenistan	727700	2019-09-05	37.95	58.38333
3514663	Álvaro Obregón	MX	Mexico	726664	2018-11-03	19.35867	-99.20329
1169607	Muzaffarābād	PK	Pakistan	725000	2020-08-27	34.37002	73.47082
12358576	Wanzhou	CN	China	723215	2021-10-19	30.76451	108.39586
98463	As Sulaymānīyah	IQ	Iraq	723170	2020-12-08	35.56496	45.4329
3985606	San Luis Potosí	MX	Mexico	722772	2020-06-10	22.14982	-100.97916
4019233	Aguascalientes	MX	Mexico	722250	2021-08-01	21.88234	-102.28259
1783873	Zhumadian	CN	China	721670	2021-10-20	32.97944	114.02944
3685533	Cúcuta	CO	Colombia	721398	2019-09-05	7.89391	-72.50782
1262801	Morādābād	IN	India	721139	2018-07-13	28.83893	78.77684
2427123	N'Djamena	TD	Chad	721081	2022-03-11	12.10672	15.0444
702550	Lviv	UA	Ukraine	717803	2022-04-18	49.83826	24.02324
1846918	Ansan-si	KR	Korea	716785	2021-12-03	37.32361	126.82194
5419384	Denver	US	United States	715522	2022-01-28	39.73915	-104.9847
4004898	Hermosillo	MX	Mexico	715061	2018-11-03	29.1026	-110.97732
5946768	Edmonton	CA	Canada	712391	2021-07-25	53.55014	-113.46871
1845457	Jeonju	KR	Korea	711424	2021-08-06	35.82194	127.14889
3988086	Saltillo	MX	Mexico	709671	2018-11-03	25.42321	-101.0053
8504423	Subang Jaya	MY	Malaysia	708296	2021-04-17	3.04384	101.58062
1275901	Bhiwandi	IN	India	707035	2014-10-13	19.30023	73.05881
1631761	Pekanbaru	ID	Indonesia	703956	2020-11-01	0.51667	101.44167
2510911	Sevilla	ES	Spain	703206	2019-09-05	37.38283	-5.97317
482283	Tolyatti	RU	Russian Federation	702879	2021-08-03	53.5303	49.3461
3397838	Jaboatão	BR	Brazil	702621	2012-08-03	-8.18028	-35.00139
1851717	Shizuoka	JP	Japan	701561	2021-08-25	34.98333	138.38333
7874116	Santo Domingo Oeste	DO	Dominican Republic	701269	2016-06-05	18.5	-70.0
1185128	Rājshāhi	BD	Bangladesh	700133	2020-06-10	24.374	88.60114
1183105	Battagram	PK	Pakistan	700000	2016-12-15	34.67719	73.02329
8601412	Santo Domingo Este	DO	Dominican Republic	700000	2019-02-26	18.48847	-69.85707
359796	Suez	EG	Egypt	699541	2022-04-18	29.97371	32.52627
1815463	Changzhi	CN	China	699514	2021-09-20	35.20889	111.73861
894701	Bulawayo	ZW	Zimbabwe	699385	2019-09-05	-20.15	28.58333
3186886	Zagreb	HR	Croatia	698966	2019-09-05	45.81444	15.97798
2561668	Agadir	MA	Morocco	698310	2019-05-09	30.42018	-9.59815
3191281	Sarajevo	BA	Bosnia and Herzegovina	696731	2019-09-05	43.84864	18.35644
3432043	La Plata	AR	Argentina	694167	2019-09-05	-34.92145	-57.95453
2464470	Tunis	TN	Tunisia	693210	2019-09-05	36.81897	10.16579
2033196	Zhangjiakou	CN	China	692602	2022-02-17	40.78341	114.87139
1694781	Paranaque City	PH	Philippines	689992	2022-06-15	14.48156	121.01749
3996069	Mexicali	MX	Mexico	689775	2021-10-07	32.62781	-115.45446
4140963	Washington	US	United States	689545	2022-05-02	38.89511	-77.03637
4644585	Nashville	US	United States	689447	2022-01-28	36.16589	-86.78444
2037346	Fuxin	CN	China	689050	2018-12-06	42.01556	121.65889
2343279	Enugu	NG	Nigeria	688862	2016-01-30	6.44132	7.49883
2530335	Tangier	MA	Morocco	688356	2016-11-02	35.76727	-5.79975
1807234	Huangshi	CN	China	688090	2021-09-20	30.24706	115.04814
2036113	Liaoyang	CN	China	687890	2021-09-20	41.27194	123.17306
1816269	Baise	CN	China	686078	2021-11-11	23.89013	106.62684
2638077	Sheffield	GB	United Kingdom	685368	2021-07-25	53.38297	-1.4659
1816336	Binzhou	CN	China	682717	2022-01-20	37.36667	118.01667
5520993	El Paso	US	United States	681124	2019-09-05	31.75872	-106.48693
4544349	Oklahoma City	US	United States	681054	2022-01-28	35.46756	-97.51643
1858421	Kumamoto	JP	Japan	680423	2017-07-21	32.80589	130.69181
1785738	Yuncheng	CN	China	680036	2021-12-17	35.02306	110.99278
1258980	Raipur	IN	India	679995	2014-10-14	21.23333	81.63333
1713022	General Santos	PH	Philippines	679588	2017-12-13	6.11278	125.17167
1812955	Dezhou	CN	China	679535	2021-10-20	37.44661	116.36706
1221874	Dushanbe	TJ	Tajikistan	679400	2016-10-19	38.53575	68.77905
3455775	Osasco	BR	Brazil	677856	2012-09-27	-23.5325	-46.79167
4990729	Detroit	US	United States	677116	2021-07-29	42.33143	-83.04575
4012176	Culiacán	MX	Mexico	675773	2020-06-10	24.79032	-107.38782
4930956	Boston	US	United States	675647	2022-03-09	42.35843	-71.05977
1039854	Matola	MZ	Mozambique	675422	2013-07-04	-25.96222	32.45889
3104324	Zaragoza	ES	Spain	674317	2021-08-08	41.65606	-0.87734
1270927	Gorakhpur	IN	India	674246	2015-09-06	26.76628	83.36889
4005492	Guadalupe	MX	Mexico	673616	2018-11-03	25.67678	-100.25646
3533462	Acapulco de Juárez	MX	Mexico	673479	2019-09-05	16.84942	-99.90891
1734634	Ipoh	MY	Malaysia	673318	2021-04-17	4.5841	101.0829
1796669	Sanmenxia	CN	China	669307	2021-10-20	34.77472	111.18139
6642286	E’zhou	CN	China	668727	2021-10-20	30.39607	114.88655
6075357	Mississauga	CA	Canada	668549	2012-07-01	43.5789	-79.6583
1845759	Cheonan	KR	Korea	666417	2021-12-03	36.8065	127.1522
2035715	Mudanjiang	CN	China	665915	2021-11-11	44.54804	129.62594
264371	Athens	GR	Greece	664046	2022-03-07	37.98376	23.72784
1804153	Leshan	CN	China	662814	2021-10-19	29.56227	103.76386
3449701	Santo André	BR	Brazil	662373	2019-09-19	-23.66389	-46.53833
9072919	Rizhao	CN	China	661943	2021-10-11	35.41414	119.52908
2377450	Nouakchott	MR	Mauritania	661400	2019-09-05	18.08581	-15.9785
2255414	Pointe-Noire	CG	Congo	659084	2019-01-09	-4.77609	11.86352
1259425	Puducherry	IN	India	657209	2021-12-01	11.93381	79.82979
1793900	Suining	CN	China	656760	2021-10-19	30.50802	105.57332
4641239	Memphis	US	United States	655770	2019-09-05	35.14953	-90.04898
9181182	Puyang	CN	China	655674	2021-10-20	35.76318	115.01721
3515431	Tlalnepantla	MX	Mexico	653410	2020-10-24	19.54005	-99.19538
5746545	Portland	US	United States	652503	2022-01-28	45.52345	-122.67621
3397277	João Pessoa	BR	Brazil	650883	2019-09-05	-7.115	-34.86306
88319	Benghazi	LY	Libyan Arab Jamahiriya	650629	2019-09-05	32.11486	20.06859
2925533	Frankfurt am Main	DE	Germany	650000	2022-03-09	50.11552	8.68417
542420	Krasnodar	RU	Russian Federation	649851	2019-02-27	45.04484	38.97603
1821274	Macau	MO	Macau	649335	2021-12-13	22.20056	113.54611
2523920	Palermo	IT	Italy	648260	2019-03-09	38.13205	13.33561
1248991	Colombo	LK	Sri Lanka	648034	2019-09-05	6.93548	79.84868
927967	Lilongwe	MW	Malawi	646750	2019-09-05	-13.96692	33.78725
2485926	Oran	DZ	Algeria	645984	2020-12-30	35.69906	-0.63588
316541	Diyarbakır	TR	Turkey	644763	2020-06-10	37.91363	40.21721
1684308	Taguig	PH	Philippines	644473	2017-12-15	14.5243	121.0792
4645421	New South Memphis	US	United States	641608	2012-07-25	35.08676	-90.05676
1843847	Hwaseong-si	KR	Korea	640890	2021-12-03	37.20682	126.8169
479123	Ulyanovsk	RU	Russian Federation	640680	2019-09-05	54.32824	48.38657
1173055	Kotli	PK	Pakistan	640000	2019-12-06	33.51836	73.9022
1854383	Okayama	JP	Japan	639652	2019-02-27	34.65	133.93333
285839	Al Aḩmadī	KW	Kuwait	637411	2014-01-04	29.07694	48.08389
1621177	Yogyakarta	ID	Indonesia	636660	2016-04-10	-7.80139	110.36472
618426	Chisinau	MD	Moldova	635994	2022-02-17	47.00556	28.8575
3081368	Wrocław	PL	Poland	634893	2021-10-06	51.1	17.03333
1808770	Hebi	CN	China	634721	2021-11-21	35.89917	114.1925
1845604	Cheongju-si	KR	Korea	634596	2014-08-18	36.63722	127.48972
2477461	Tébessa	DZ	Algeria	634332	2020-06-11	35.40417	8.12417
1805611	Jingmen	CN	China	632954	2021-10-20	31.03361	112.20472
6183235	Winnipeg	CA	Canada	632063	2019-09-05	49.8844	-97.14704
2037886	Dandong	CN	China	631973	2018-12-06	40.12917	124.39472
554840	Izhevsk	RU	Russian Federation	631038	2019-09-05	56.84976	53.20448
6317344	Jaboatão dos Guararapes	BR	Brazil	630008	2012-03-10	-8.11278	-35.01472
3531673	Cancún	MX	Mexico	628306	2019-10-07	21.17429	-86.84656
3465624	Contagem	BR	Brazil	627123	2012-08-03	-19.93167	-44.05361
3991164	Santiago de Querétaro	MX	Mexico	626495	2013-07-31	20.58806	-100.38806
1275971	Bhilai	IN	India	625138	2015-08-07	21.20919	81.4285
2035513	Panshan	CN	China	625040	2021-09-20	41.18806	122.04944
703845	Kryvyy Rih	UA	Ukraine	624579	2020-05-23	47.90572	33.39404
223817	Djibouti	DJ	Djibouti	623891	2019-09-05	11.58901	43.14503
5506956	Las Vegas	US	United States	623747	2022-03-09	36.17497	-115.13722
360761	Al Manşūrah	EG	Egypt	621953	2022-04-18	31.03637	31.38069
4347778	Baltimore	US	United States	621849	2021-08-01	39.29038	-76.61219
128226	Kermanshah	IR	Iran	621100	2016-11-01	34.31417	47.065
3530139	Coyoacán	MX	Mexico	620416	2018-11-03	19.3467	-99.16174
3451328	Ribeirão Preto	BR	Brazil	619746	2015-06-04	-21.1775	-47.81028
3463478	Feira de Santana	BR	Brazil	619609	2021-11-01	-12.26667	-38.96667
1806096	Jiaozhou	CN	China	619266	2022-04-01	36.28389	120.00333
1793879	Suizhou	CN	China	618582	2021-10-20	31.71111	113.36306
79415	Al Ḩudaydah	YE	Yemen	617871	2020-07-08	14.79781	42.95452
7290466	Pasig City	PH	Philippines	617301	2017-12-13	14.58691	121.0614
2654675	Bristol	GB	United Kingdom	617280	2019-09-05	51.45523	-2.59665
1814934	Chizhou	CN	China	615274	2021-10-11	30.66134	117.47783
70225	Taiz	YE	Yemen	615222	2020-07-28	13.57952	44.02091
3448636	São José dos Campos	BR	Brazil	613764	2017-01-19	-23.17944	-45.88694
3517270	Santa María Chimalhuacán	MX	Mexico	612383	2018-11-03	19.42155	-98.95038
1787816	Ya'an	CN	China	612056	2021-10-19	29.98521	102.999
1275248	Borivli	IN	India	609617	2014-10-13	19.23496	72.85976
3981254	Torreón	MX	Mexico	608836	2020-06-10	25.54389	-103.41898
468902	Yaroslavl	RU	Russian Federation	606730	2019-09-05	57.62987	39.87368
1276032	Bhavnagar	IN	India	605882	2021-10-07	21.76287	72.15331
1020098	Benoni	ZA	South Africa	605344	2012-07-12	-26.18848	28.32078
1273874	Cochin	IN	India	604696	2014-10-13	9.93988	76.26022
2036427	Jinzhou	CN	China	604269	2021-09-20	41.10778	121.14167
1278718	Amrāvati	IN	India	603837	2022-01-29	20.93333	77.75
292968	Abu Dhabi	AE	United Arab Emirates	603492	2022-03-07	24.45118	54.39696
1796663	Sanming	CN	China	602166	2021-10-08	26.24861	117.61861
1176615	Islamabad	PK	Pakistan	601600	2019-09-05	33.72148	73.04329
94787	Kirkuk	IQ	Iraq	601433	2016-06-22	35.46806	44.39222
1257416	Sāngli	IN	India	601214	2014-10-13	16.85438	74.56417
5263045	Milwaukee	US	United States	600155	2019-09-05	43.0389	-87.90647
1626801	Situbondo	ID	Indonesia	600000	2007-12-13	-7.70623	114.00976
2034786	Shuangyashan	CN	China	600000	2021-11-11	46.67686	131.13273
6173331	Vancouver	CA	Canada	600000	2019-09-05	49.24966	-123.11934
1510853	Barnaul	RU	Russian Federation	599579	2020-02-21	53.36056	83.76361
2747891	Rotterdam	NL	Netherlands	598199	2019-09-05	51.9225	4.47917
3995402	Morelia	MX	Mexico	597511	2018-11-03	19.70078	-101.18443
1802204	Luancheng	CN	China	597130	2020-03-29	37.87917	114.65167
1846898	Anyang-si	KR	Korea	595644	2021-12-03	37.3925	126.92694
118743	Rasht	IR	Iran	594590	2019-02-27	37.27611	49.58862
5907364	Brampton	CA	Canada	593638	2021-12-21	43.68341	-79.76633
2352947	Abeokuta	NG	Nigeria	593100	2016-01-30	7.15571	3.34509
2928810	Essen	DE	Germany	593085	2021-07-25	51.45657	7.01228
308464	Kayseri	TR	Turkey	592840	2019-09-05	38.73222	35.48528
360829	Al Maḩallah al Kubrá	EG	Egypt	592573	2022-04-18	30.97063	31.1669
2648579	Glasgow	GB	United Kingdom	591620	2019-09-05	55.86515	-4.25763
2165087	Gold Coast	AU	Australia	591473	2016-03-21	-28.00029	153.43088
2033370	Yingkou	CN	China	591159	2022-03-28	40.66472	122.23176
1707174	Las Piñas	PH	Philippines	590000	2017-12-13	14.45056	120.98278
1785018	Zhangzhou	CN	China	589831	2021-09-20	24.51333	117.65556
2825297	Stuttgart	DE	Germany	589793	2019-09-05	48.78232	9.17702
3520339	Reynosa	MX	Mexico	589466	2018-11-03	26.08061	-98.28835
12382296	Thuận An	VN	Viet Nam	588616	2021-12-08	10.9239	106.71428
2935517	Dortmund	DE	Germany	588462	2021-07-25	51.51494	7.466
2013348	Vladivostok	RU	Russian Federation	587022	2019-09-05	43.10562	131.87353
2023469	Irkutsk	RU	Russian Federation	586695	2019-09-05	52.29778	104.29639
931755	Blantyre	MW	Malawi	584877	2021-08-04	-15.78499	35.00854
3489297	New Kingston	JM	Jamaica	583958	2019-02-27	18.00747	-76.78319
738329	Üsküdar	TR	Turkey	582666	2021-12-03	41.02274	29.01366
3176219	Genoa	IT	Italy	580223	2017-05-23	44.40478	8.94439
1273780	Cuttack	IN	India	580000	2014-10-14	20.46497	85.87927
3143244	Oslo	NO	Norway	580000	2022-03-03	59.91273	10.74609
2022890	Khabarovsk	RU	Russian Federation	579000	2019-09-05	48.48271	135.08379
2056752	Khabarovsk Vtoroy	RU	Russian Federation	578303	2012-10-07	48.43776	135.13329
2399697	Libreville	GA	Gabon	578156	2019-09-05	0.39241	9.45356
128234	Kerman	IR	Iran	577514	2019-09-05	30.28321	57.07879
3698350	Chiclayo	PE	Peru	577375	2019-09-05	-6.77137	-79.84088
121801	Orūmīyeh	IR	Iran	577307	2016-12-21	37.55274	45.07605
7627067	Bahçelievler	TR	Turkey	576799	2010-12-30	41.00231	28.8598
347497	Ţanţā	EG	Egypt	576648	2022-04-18	30.78847	31.00192
1275665	Bīkaner	IN	India	576015	2017-02-06	28.01762	73.31495
3981461	Tlaquepaque	MX	Mexico	575942	2018-11-03	20.64091	-103.29327
3515428	Tlalpan	MX	Mexico	574577	2018-11-03	19.29513	-99.16206
1140026	Herāt	AF	Afghanistan	574300	2022-06-18	34.34817	62.19967
738377	Umraniye	TR	Turkey	573265	2011-01-05	41.01643	29.12476
2934246	Düsseldorf	DE	Germany	573057	2020-11-12	51.22172	6.77616
1650213	Banjarmasin	ID	Indonesia	572837	2017-12-17	-3.31987	114.59075
2711537	Göteborg	SE	Sweden	572799	2021-08-02	57.70716	11.96679
1529195	Shihezi	CN	China	572772	2021-09-20	44.3023	86.03694
3688465	Bucaramanga	CO	Colombia	571820	2021-08-08	7.12539	-73.1198
4951305	South Boston	US	United States	571281	2017-05-23	42.33343	-71.04949
1735634	Kuching	MY	Malaysia	570407	2021-04-17	1.55	110.33333
3088171	Poznań	PL	Poland	570352	2020-05-21	52.40692	16.92993
2514256	Málaga	ES	Spain	568305	2020-08-30	36.72016	-4.42034
2290956	Bouaké	CI	Côte d'Ivoire	567481	2020-06-10	7.69385	-5.03031
369004	Nyala	SD	Sudan	565734	2017-12-06	12.04888	24.88069
1275362	Bokāro	IN	India	564319	2021-12-06	23.66934	86.15161
343300	Asmara	ER	Eritrea	563930	2021-03-10	15.33805	38.93184
2322911	Sokoto	NG	Nigeria	563861	2016-06-22	13.06269	5.24322
3445831	Uberlândia	BR	Brazil	563536	2015-08-15	-18.91861	-48.27722
1863440	Hachiōji	JP	Japan	561344	2021-09-30	35.65583	139.32389
2326016	Onitsha	NG	Nigeria	561066	2022-03-11	6.14978	6.78569
1791544	Wenchang	CN	China	560894	2021-10-14	19.6157	110.74894
1863905	Honchō	JP	Japan	560743	2017-11-10	35.70129	139.98648
5454711	Albuquerque	US	United States	559121	2021-08-01	35.08449	-106.65114
1877449	Hamhŭng	KP	Korea	559056	2020-06-11	39.91833	127.53639
3447399	Sorocaba	BR	Brazil	558862	2012-03-10	-23.50167	-47.45806
658225	Helsinki	FI	Finland	558457	2022-03-09	60.16952	24.93545
1252948	Warangal	IN	India	557802	2018-05-27	18.0	79.58333
3536729	Santiago de Cuba	CU	Cuba	555865	2019-09-05	20.02083	-75.82667
2034714	Siping	CN	China	555609	2021-09-20	43.16143	124.37785
1860827	Kagoshima	JP	Japan	555352	2017-04-09	31.56667	130.55
1625812	Surakarta	ID	Indonesia	555308	2019-09-05	-7.55611	110.83167
3430863	Mar del Plata	AR	Argentina	553935	2019-09-05	-38.00042	-57.5562
1807689	Huaihua	CN	China	552622	2021-10-13	27.56337	110.00404
1183880	Bahawalpur	PK	Pakistan	552607	2019-12-06	29.39779	71.6752
1159301	Zahedan	IR	Iran	551980	2019-09-05	29.4963	60.8629
1842943	Kimhae	KR	Korea	550758	2021-12-03	35.23417	128.88111
415189	Aden	YE	Yemen	550602	2020-06-11	12.77944	45.03667
1261977	Nanded	IN	India	550564	2014-10-13	19.16023	77.31497
1265873	Kozhikode	IN	India	550440	2021-12-02	11.24802	75.7804
515003	Orenburg	RU	Russian Federation	550204	2020-10-15	51.7727	55.0988
1846326	Changwon	KR	Korea	550000	2021-08-08	35.22806	128.68111
786714	Pristina	XK		550000	2020-10-25	42.67272	21.16688
2036581	Jiamusi	CN	China	549549	2021-12-15	46.79711	130.31118
1730501	Antipolo	PH	Philippines	549543	2019-06-18	14.62578	121.12251
1529376	Korla	CN	China	549324	2022-02-01	41.76055	86.15231
2944388	Bremen	DE	Germany	546501	2019-12-17	53.07582	8.80717
1791779	Wanning	CN	China	545992	2021-12-06	18.79931	110.3841
2542715	Meknès	MA	Morocco	545705	2017-02-01	33.89352	-5.54727
1788450	Xinzhou	CN	China	544683	2021-10-09	38.40917	112.73333
1670029	Banqiao	TW	Taiwan	543342	2017-09-29	25.01427	121.46719
1166000	Sargodha	PK	Pakistan	542603	2019-12-06	32.08586	72.67418
2389853	Bangui	CF	Central African Republic	542393	2016-06-22	4.36122	18.55496
593116	Vilnius	LT	Lithuania	542366	2021-07-25	54.68916	25.2798
1798821	Pingdu	CN	China	542234	2022-04-01	36.78444	119.94639
1496990	Novokuznetsk	RU	Russian Federation	539616	2019-09-05	53.7557	87.1099
212730	Kisangani	CD	Congo	539158	2021-09-10	0.51528	25.19099
1806445	Ji’an	CN	China	538699	2021-10-11	27.11716	114.97927
304531	Mersin	TR	Turkey	537842	2017-11-10	36.81196	34.63886
3515001	Tuxtla	MX	Mexico	537102	2018-11-03	16.75973	-93.11308
1258315	Raurkela	IN	India	536450	2017-09-13	22.22496	84.86414
2319133	Warri	NG	Nigeria	536023	2016-01-30	5.51737	5.75006
1809412	Guli	CN	China	536000	2021-09-19	28.88162	120.03308
1529660	Aksu	CN	China	535657	2022-01-02	41.18418	80.27921
2344082	Ebute Ikorodu	NG	Nigeria	535619	2016-01-30	6.60086	3.48818
1793424	Tanggu	CN	China	535298	2021-09-20	39.02111	117.64694
3827409	Cuauhtémoc	MX	Mexico	531831	2018-11-03	19.44506	-99.14612
1796068	Shangluo	CN	China	531696	2022-01-20	33.86667	109.93056
5318313	Tucson	US	United States	531641	2019-09-05	32.22174	-110.92648
107968	Ta’if	SA	Saudi Arabia	530848	2015-09-05	21.27028	40.41583
1052373	Beira	MZ	Mozambique	530604	2012-01-19	-19.84361	34.83889
1270668	Guntur	IN	India	530577	2019-05-07	16.29974	80.45729
3778045	Maturín	VE	Venezuela	529376	2021-11-07	9.74569	-63.18323
2244322	Touba	SN	Senegal	529176	2012-07-14	14.85	-15.88333
359783	Asyūţ	EG	Egypt	528669	2022-04-18	27.18096	31.18368
6325494	Québec	CA	Canada	528595	2021-07-25	46.81228	-71.21454
132144	Hamadān	IR	Iran	528256	2020-06-10	34.79922	48.51456
1806488	Qionghai	CN	China	528238	2021-12-06	19.2425	110.46417
1816080	Cangzhou	CN	China	527681	2021-09-20	38.31667	116.86667
3583361	San Salvador	SV	El Salvador	525990	2019-09-05	13.68935	-89.18718
1816705	Beihai	CN	China	525329	2021-10-10	21.48349	109.11549
1133616	Mazār-e Sharīf	AF	Afghanistan	523300	2022-06-18	36.70904	67.11087
1138336	Kandahār	AF	Afghanistan	523300	2022-06-18	31.61332	65.71013
1808392	Hengshui	CN	China	522147	2021-10-20	37.73222	115.70111
1273313	Dehra Dūn	IN	India	522081	2020-06-10	30.32443	78.03392
3465038	Cuiabá	BR	Brazil	521934	2010-01-21	-15.59611	-56.09667
1272013	Erode	IN	India	521891	2021-12-01	11.3428	77.72741
1735158	Petaling Jaya	MY	Malaysia	520698	2021-04-20	3.10726	101.60671
1276014	Bhayandar	IN	India	520301	2014-10-13	19.30157	72.85107
747340	Esenler	TR	Turkey	520235	2014-01-23	41.0435	28.87619
500096	Ryazan’	RU	Russian Federation	520173	2020-06-10	54.6269	39.6916
5350937	Fresno	US	United States	520052	2019-09-05	36.74773	-119.77237
5969782	Hamilton	CA	Canada	519949	2019-09-05	43.25011	-79.84963
1488754	Tyumen	RU	Russian Federation	519119	2019-09-05	57.15222	65.52722
361320	Al Fayyūm	EG	Egypt	519047	2022-04-18	29.30995	30.8418
1272175	Durgapur	IN	India	518872	2015-11-29	23.51583	87.30801
4011743	Victoria de Durango	MX	Mexico	518709	2018-11-03	24.02032	-104.65756
1279159	Ajmer	IN	India	517911	2017-08-23	26.4521	74.63867
2267057	Lisbon	PT	Portugal	517802	2019-07-12	38.71667	-9.13333
1253894	Ulhasnagar	IN	India	516584	2014-10-13	19.21667	73.15
1806466	Guangyuan	CN	China	516424	2021-10-19	32.44201	105.823
1266285	Kolhāpur	IN	India	516142	2017-03-17	16.69563	74.23167
535121	Lipetsk	RU	Russian Federation	515655	2019-09-05	52.60311	39.57076
1256525	Siliguri	IN	India	515574	2019-06-12	26.71004	88.42851
2861650	Nürnberg	DE	Germany	515543	2021-11-14	49.45421	11.07752
2910831	Hannover	DE	Germany	515140	2019-09-12	52.37052	9.73322
315202	Eskişehir	TR	Turkey	514869	2020-06-10	39.77667	30.52056
14256	Āzādshahr	IR	Iran	514102	2016-08-02	34.79049	48.57011
3838233	Salta	AR	Argentina	512686	2019-09-05	-24.7859	-65.41166
511565	Penza	RU	Russian Federation	512602	2019-09-05	53.20066	45.00464
1790396	Xianning	CN	China	512517	2021-10-20	29.84347	114.32201
949880	Tembisa	ZA	South Africa	511655	2019-02-28	-25.99636	28.2268
1275610	Bilimora	IN	India	510879	2014-10-13	20.76957	72.96134
6316406	Aparecida de Goiânia	BR	Brazil	510770	2012-08-03	-16.82333	-49.24389
3875024	Puente Alto	CL	Chile	510417	2018-02-06	-33.61169	-70.57577
1703417	Makati City	PH	Philippines	510383	2017-12-13	14.55027	121.03269
2034414	Tonghua	CN	China	510000	2018-12-06	41.71972	125.92639
523750	Naberezhnyye Chelny	RU	Russian Federation	509870	2014-03-14	55.72545	52.41122
2644668	Leicester	GB	United Kingdom	508916	2021-07-25	52.6386	-1.13169
1909733	Banan	CN	China	508703	2022-04-01	29.37861	106.54
1818446	Tuen Mun	HK	Hong Kong	507900	2022-06-08	22.39175	113.97157
1785036	Zhangye	CN	China	507433	2021-12-17	38.93417	100.45167
1280849	Kashgar	CN	China	506640	2022-02-01	39.47066	75.98951
3648559	Barcelona	VE	Venezuela	506016	2021-11-07	10.13625	-64.68618
1267696	Karol Bāgh	IN	India	505241	2015-05-06	28.65136	77.19072
1784130	Zhoukou	CN	China	505171	2021-10-18	33.63333	114.63333
2879139	Leipzig	DE	Germany	504971	2021-12-02	51.33962	12.37129
1798760	Pingliang	CN	China	504848	2021-11-11	35.53917	106.68611
8504951	Kalininskiy	RU	Russian Federation	504641	2020-02-25	59.99675	30.3899
2934691	Duisburg	DE	Germany	504358	2019-09-05	51.43247	6.76516
1278314	Āsansol	IN	India	504271	2018-05-27	23.68333	86.98333
143127	Arāk	IR	Iran	503647	2018-01-09	34.09493	49.69809
580497	Astrakhan	RU	Russian Federation	502533	2019-09-05	46.34968	48.04076
1839071	Pohang	KR	Korea	500000	2019-04-15	36.02917	129.36481
1783988	Zhucheng	CN	China	499285	2021-10-06	35.99472	119.3975
532096	Makhachkala	RU	Russian Federation	497959	2016-11-23	42.97638	47.50236
1802238	Loudi	CN	China	497171	2021-10-20	27.73444	111.99444
1818920	Sha Tin	HK	Hong Kong	495200	2022-06-08	22.38333	114.18333
1646448	Cimahi	ID	Indonesia	493698	2012-01-17	-6.87222	107.5425
1269317	Jamnagar	IN	India	492056	2016-12-11	22.47292	70.06673
1795928	Shanwei	CN	China	491766	2021-10-08	22.78199	115.3475
5389489	Sacramento	US	United States	490712	2019-09-05	38.58157	-121.4944
3471872	Aracaju	BR	Brazil	490175	2019-09-05	-10.91111	-37.07167
181032	Ruiru	KE	Kenya	490120	2021-12-12	-1.14665	36.96087
292932	Ajman City	AE	United Arab Emirates	490035	2019-05-29	25.40177	55.47878
9931406	Jianshui	CN	China	490000	2021-09-20	24.2774	101.224
377039	Port Sudan	SD	Sudan	489725	2019-09-05	19.61745	37.21644
3836277	Santa Fe	AR	Argentina	489505	2019-03-21	-31.64881	-60.70868
3601782	San Pedro Sula	HN	Honduras	489466	2019-09-05	15.50417	-88.025
3515302	Toluca	MX	Mexico	489333	2018-11-03	19.28786	-99.65324
3532624	Ciudad López Mateos	MX	Mexico	489160	2020-06-10	19.55793	-99.25675
360890	Al Khuşūş	EG	Egypt	488904	2022-04-18	30.15293	31.31501
2935022	Dresden	DE	Germany	486854	2019-09-05	51.05089	13.73832
1846266	Jeju City	KR	Korea	486306	2021-12-13	33.50972	126.52194
5074472	Omaha	US	United States	486051	2022-01-28	41.25626	-95.94043
1489425	Tomsk	RU	Russian Federation	485519	2019-09-05	56.49771	84.97437
2593460	Masina	CD	Congo	485167	2021-09-10	-4.38361	15.39139
1257806	Sahāranpur	IN	India	484873	2014-10-14	29.9679	77.54522
1253286	Vellore	IN	India	484690	2021-12-01	12.9184	79.13255
3515807	Cuautitlán Izcalli	MX	Mexico	484573	2018-11-03	19.64388	-99.21598
1270752	Gulbarga	IN	India	483615	2019-12-08	17.33583	76.83757
700569	Mykolayiv	UA	Ukraine	483186	2022-03-01	46.97625	31.99296
1276058	Bhātpāra	IN	India	483129	2014-10-14	22.86643	88.40113
98860	Najaf	IQ	Iraq	482576	2016-06-22	32.02594	44.34625
1789647	Xichang	CN	China	481796	2021-09-06	27.89642	102.26341
1732903	Shah Alam	MY	Malaysia	481654	2021-04-17	3.08507	101.53281
1862627	Himeji	JP	Japan	481493	2019-09-05	34.81667	134.7
627907	Homyel'	BY	Belarus	480951	2019-09-05	52.4345	30.9754
2327220	Okene	NG	Nigeria	479178	2016-01-30	7.55122	6.23589
1833788	Uijeongbu-si	KR	Korea	479141	2014-01-19	37.7415	127.0474
1006984	East London	ZA	South Africa	478676	2019-09-05	-33.01529	27.91162
111822	Yazd	IR	Iran	477905	2021-07-29	31.89722	54.3675
57289	Hargeysa	SO	Somalia	477876	2017-09-27	9.56	44.065
1164909	Sialkot	PK	Pakistan	477396	2021-07-29	32.49268	74.53134
1503901	Kemerovo	RU	Russian Federation	477090	2019-09-05	55.33333	86.08333
1805741	Jincheng	CN	China	476945	2021-10-20	35.50222	112.83278
4393217	Kansas City	US	United States	475378	2019-09-05	39.09973	-94.57857
1787765	Yan’an	CN	China	475234	2021-12-14	36.59889	109.49167
785842	Skopje	MK	Macedonia	474889	2019-10-04	41.99646	21.43141
1583518	Dĩ An	VN	Viet Nam	474681	2021-12-08	10.90682	106.7694
944385	Vereeniging	ZA	South Africa	474681	2021-08-08	-26.67313	27.92615
2747373	The Hague	NL	Netherlands	474292	2017-10-24	52.07667	4.29861
5367929	Long Beach	US	United States	474140	2019-09-05	33.76696	-118.18923
1794794	Shouguang	CN	China	473620	2021-10-03	36.88	118.7375
1805680	Jingdezhen	CN	China	473561	2021-10-07	29.2947	117.20789
3592519	Mixco	GT	Guatemala	473080	2020-07-15	14.63077	-90.60711
12324556	Shizuishan	CN	China	472472	2021-10-07	38.98082	106.3892
2996944	Lyon	FR	France	472317	2019-10-09	45.74846	4.84671
3458449	Londrina	BR	Brazil	471832	2012-03-10	-23.31028	-51.16278
5304391	Mesa	US	United States	471825	2019-09-05	33.42227	-111.82264
1809061	Jiaojiang	CN	China	470804	2018-12-06	28.69844	121.47331
1857553	Matsudo	JP	Japan	470277	2017-07-22	35.77995	139.90144
3459505	Juiz de Fora	BR	Brazil	470193	2013-05-09	-21.76417	-43.35028
1855207	Nishinomiya-hama	JP	Japan	468925	2017-07-31	34.71562	135.33199
480562	Tula	RU	Russian Federation	468825	2019-09-05	54.19609	37.61822
5139568	Staten Island	US	United States	468730	2012-07-10	40.56233	-74.13986
1859730	Kawaguchi	JP	Japan	468565	2019-02-28	35.80521	139.71072
1799846	Nanping	CN	China	467875	2021-10-07	26.645	118.17361
4018390	Ciudad Apodaca	MX	Mexico	467157	2018-11-03	25.78195	-100.18839
3470142	Belford Roxo	BR	Brazil	466096	2012-08-03	-22.76417	-43.39944
1269321	Jammu	IN	India	465567	2022-05-01	32.73528	74.86167
2036109	Liaoyuan	CN	China	465249	2021-09-20	42.90361	125.13583
2650225	Edinburgh	GB	United Kingdom	464990	2019-09-05	55.95206	-3.19648
694423	Sevastopol	UA	Ukraine	464349	2022-04-01	44.60795	33.52134
1786112	Heyuan	CN	China	463907	2021-10-08	23.73333	114.68333
4180439	Atlanta	US	United States	463878	2021-07-25	33.749	-84.38798
214481	Kananga	CD	Congo	463546	2016-12-31	-5.89624	22.41659
1018725	Bloemfontein	ZA	South Africa	463064	2021-08-04	-29.12107	26.214
3099434	Gdańsk	PL	Poland	461865	2020-12-19	54.35227	18.64912
2346229	Calabar	NG	Nigeria	461796	2016-01-30	4.95893	8.32695
3459712	Joinville	BR	Brazil	461304	2012-08-03	-26.30444	-48.84556
1792359	Huangshan	CN	China	460786	2021-10-07	29.71139	118.3125
170017	Ḩamāh	SY	Syrian Arab Republic	460602	2020-06-10	35.13179	36.75783
1265491	Kurnool	IN	India	460184	2022-01-14	15.82887	78.03602
2803138	Antwerpen	BE	Belgium	459805	2019-12-17	51.22047	4.40026
1860243	Kanazawa	JP	Japan	458937	2019-02-27	36.6	136.61667
7701384	Karabağlar	TR	Turkey	458000	2011-03-09	38.37396	27.1352
1679432	Zamboanga	PH	Philippines	457623	2017-12-13	6.91028	122.07389
548408	Kirov	RU	Russian Federation	457383	2019-09-05	58.59665	49.66007
1253914	Ujjain	IN	India	457346	2014-10-14	23.18239	75.77643
1733432	Kota Kinabalu	MY	Malaysia	457326	2021-04-17	5.9749	116.0724
5417598	Colorado Springs	US	United States	456568	2019-09-05	38.83388	-104.82136
3456283	Niterói	BR	Brazil	456456	2012-08-03	-22.88333	-43.10361
101628	Tabuk	SA	Saudi Arabia	455450	2015-09-12	28.3998	36.57151
1630789	Pontianak	ID	Indonesia	455173	2020-11-01	-0.03194	109.325
2644688	Leeds	GB	United Kingdom	455123	2021-07-25	53.79648	-1.54785
1873757	Namp’o	KP	Korea	455000	2010-08-03	38.7375	125.40778
1729564	Bacolod City	PH	Philippines	454898	2020-11-01	10.66667	122.95
3448877	São João de Meriti	BR	Brazil	454849	2019-09-05	-22.80389	-43.37222
1701500	Mansilingan	PH	Philippines	454150	2017-12-13	10.63111	122.97889
4791259	Virginia Beach	US	United States	452745	2021-08-08	36.85293	-75.97799
1258662	Rāmgundam	IN	India	452261	2014-10-10	18.80084	79.45206
702658	Luhansk	UA	Ukraine	452000	2022-04-17	48.56952	39.32857
1636544	Manado	ID	Indonesia	451893	2014-07-21	1.48218	124.84892
609655	Karagandy	KZ	Kazakhstan	451800	2019-09-19	49.80187	73.10211
1803245	Lishui	CN	China	451418	2021-11-29	28.46042	119.91029
4487042	Raleigh	US	United States	451066	2021-10-07	35.7721	-78.63861
2501152	Constantine	DZ	Algeria	450097	2018-08-09	36.365	6.61472
373303	Juba	SS	South Sudan	450000	2020-07-12	4.85165	31.58247
8074174	Muratpaşa	TR	Turkey	450000	2015-06-30	36.89157	30.76498
8505006	Wenshan City	CN	China	450000	2018-12-06	23.36306	104.25047
1849053	Utsunomiya	JP	Japan	449865	2017-04-09	36.56667	139.88333
3523466	Heroica Matamoros	MX	Mexico	449815	2013-07-31	25.87972	-97.50417
298333	Şanlıurfa	TR	Turkey	449549	2022-06-18	37.16708	38.79392
2038087	Chengde	CN	China	449325	2018-12-06	40.9519	117.95883
1854487	Ōita	JP	Japan	448907	2017-04-09	33.23333	131.6
1348843	Maheshtala	IN	India	448317	2021-03-06	22.50862	88.25322
2653822	Cardiff	GB	United Kingdom	447287	2019-09-05	51.48	-3.18
3837213	San Juan	AR	Argentina	447048	2019-09-05	-31.5375	-68.53639
569696	Cheboksary	RU	Russian Federation	446781	2019-09-05	56.13222	47.25194
1017780	Boksburg	ZA	South Africa	445168	2012-07-12	-26.21197	28.25958
1721080	Cagayan de Oro	PH	Philippines	445103	2020-11-01	8.48222	124.64722
1816858	Basuo	CN	China	444458	2021-12-06	19.0939	108.65456
1926099	Matsuyama	JP	Japan	443322	2017-07-29	33.83916	132.76574
3985241	San Nicolás de los Garza	MX	Mexico	443273	2013-07-31	25.74167	-100.30222
1865387	Amagasaki	JP	Japan	442173	2017-07-22	34.71667	135.41667
3728338	Carrefour	HT	Haiti	442156	2018-12-05	18.54114	-72.39922
1256409	Shyamnagar	IN	India	441956	2014-10-14	22.83333	88.36667
1715430	Dasmariñas	PH	Philippines	441876	2017-12-13	14.32944	120.93667
304922	Malatya	TR	Turkey	441805	2019-09-05	38.35018	38.31667
1813171	Zhangjiajie	CN	China	441804	2021-10-19	29.12944	110.47833
4164138	Miami	US	United States	441003	2022-04-05	25.77427	-80.19366
3672486	Pereira	CO	Colombia	440118	2019-02-26	4.81333	-75.69611
1308465	Mawlamyine	MM	Myanmar	438861	2016-06-01	16.49051	97.62825
3696183	Iquitos	PE	Peru	437620	2019-09-05	-3.74912	-73.25383
1858311	Kurashiki	JP	Japan	437581	2017-07-22	34.58333	133.76667
1869012	Sunch’ŏn	KP	Korea	437000	2019-02-27	39.43167	125.93278
7628416	Sultangazi	TR	Turkey	436935	2011-01-04	41.10652	28.86847
2231320	Garoua	CM	Cameroon	436899	2014-01-08	9.30143	13.39771
2513416	Murcia	ES	Spain	436870	2013-03-18	37.98704	-1.13004
152224	Mwanza	TZ	Tanzania	436801	2019-09-05	-2.51667	32.9
2319480	Uyo	NG	Nigeria	436606	2016-01-30	5.05127	7.9335
2038365	Bei’an	CN	China	436444	2021-09-20	48.26667	126.6
2229798	Kousséri	CM	Cameroon	435547	2020-06-10	12.07689	15.03063
1264115	Mālegaon	IN	India	435362	2015-09-06	20.54966	74.53462
1273368	Davangere	IN	India	435128	2017-09-13	14.46693	75.92694
554234	Kaliningrad	RU	Russian Federation	434954	2019-09-05	54.70649	20.51095
94824	Karbala	IQ	Iraq	434450	2019-12-25	32.61603	44.02488
1841246	Masan	KR	Korea	434371	2017-04-18	35.12725	126.83149
3407669	Ananindeua	BR	Brazil	433956	2012-08-03	-1.36556	-48.37222
1650527	Balikpapan	ID	Indonesia	433866	2021-11-28	-1.26753	116.82887
2972315	Toulouse	FR	France	433055	2019-10-09	43.60426	1.44367
293397	Tel Aviv	IL	Israel	432892	2022-03-09	32.08088	34.78057
1513157	Namangan	UZ	Uzbekistan	432456	2019-09-05	40.9983	71.67257
2334802	Katsina	NG	Nigeria	432149	2017-04-14	12.99082	7.60177
940909	Welkom	ZA	South Africa	431944	2013-11-03	-27.97742	26.73506
701822	Mariupol	UA	Ukraine	431859	2022-04-04	47.09514	37.54131
3668605	Santa Marta	CO	Colombia	431781	2018-04-19	11.24079	-74.19904
3645532	Ciudad Bolívar	VE	Venezuela	431481	2021-11-07	8.12923	-63.54086
3827407	Venustiano Carranza	MX	Mexico	430978	2018-11-03	19.44361	-99.10499
359493	Zagazig	EG	Egypt	430445	2022-04-18	30.58768	31.502
361055	Ismailia	EG	Egypt	429465	2022-04-18	30.60427	32.27225
1269407	Jalgaon	IN	India	429298	2019-07-18	21.00292	75.56602
1806097	Ningde	CN	China	429260	2021-11-29	26.66167	119.52278
1848313	Yokosuka	JP	Japan	428992	2019-09-05	35.28361	139.66722
1279105	Akola	IN	India	428857	2017-03-18	20.70957	76.9981
1276533	Belgaum	IN	India	428720	2019-09-05	15.85212	74.50447
1279945	Jiuquan	CN	China	428346	2021-12-25	39.74318	98.51736
3514783	Veracruz	MX	Mexico	428323	2018-11-03	19.18095	-96.1429
7303419	East Jerusalem	PS	West Bank and Gaza Strip	428304	2019-03-24	31.78336	35.23388
1842225	Gumi	KR	Korea	427770	2021-12-02	36.1136	128.336
571476	Bryansk	RU	Russian Federation	427236	2013-01-11	53.25209	34.37167
741763	Maltepe	TR	Turkey	427040	2011-01-05	40.93567	29.15507
1701966	Mandaluyong City	PH	Philippines	425758	2022-02-15	14.5832	121.0409
109353	Al Kharj	SA	Saudi Arabia	425300	2017-09-13	24.15541	47.33457
3644768	Cumaná	VE	Venezuela	424822	2021-11-07	10.45397	-64.18256
3526617	Xalapa de Enríquez	MX	Mexico	424755	2018-11-03	19.53124	-96.91589
1255783	Rajpur Sonarpur	IN	India	424368	2021-03-06	22.4382	88.43205
2352379	Ado-Ekiti	NG	Nigeria	424340	2016-01-30	7.62329	5.22087
3060972	Bratislava	SK	Slovakia	423737	2019-09-05	48.14816	17.10674
1271439	Gaya	IN	India	423692	2014-10-14	24.79686	85.00385
6050610	Laval	CA	Canada	422993	2021-12-21	45.56995	-73.692
1253986	Udaipur	IN	India	422784	2016-10-23	24.58584	73.71346
922741	Likasi	CD	Congo	422414	2021-09-10	-10.98303	26.7384
360502	Luxor	EG	Egypt	422407	2019-09-05	25.69893	32.6421
3680656	Ibagué	CO	Colombia	421685	2019-09-05	4.43889	-75.23222
555312	Ivanovo	RU	Russian Federation	420839	2019-09-05	56.99719	40.97139
315368	Erzurum	TR	Turkey	420691	2019-11-26	39.90861	41.27694
1812749	Dingxi	CN	China	420614	2021-11-12	35.57088	104.62303
2350841	Akure	NG	Nigeria	420594	2016-01-30	7.25256	5.19312
1642858	Jambi City	ID	Indonesia	420323	2020-11-01	-1.6	103.61667
5378538	Oakland	US	United States	419267	2019-09-05	37.80437	-122.2708
1266122	Korba	IN	India	419146	2014-10-14	22.3458	82.69633
4568127	San Juan	PR	Puerto Rico	418140	2019-09-05	18.46633	-66.10572
922773	Kolwezi	CD	Congo	418000	2016-11-28	-10.71484	25.46674
2193733	Auckland	NZ	New Zealand	417910	2022-03-07	-36.84853	174.76349
1164408	Sukkur	PK	Pakistan	417767	2019-12-06	27.70323	68.85889
7064006	Tongchuan	CN	China	417740	2021-11-11	34.8988	108.95056
1263780	Mangalore	IN	India	417387	2014-10-14	12.91723	74.85603
1694611	Pasay	PH	Philippines	416522	2017-12-13	14.53748	121.00144
3532497	Azcapotzalco	MX	Mexico	414711	2018-11-03	19.48698	-99.18594
1518980	Shymkent	KZ	Kazakhstan	414032	2019-09-19	42.3	69.6
532288	Magnitogorsk	RU	Russian Federation	413351	2019-09-05	53.41861	59.04722
1269006	Jhānsi	IN	India	412927	2015-08-07	25.45887	78.57994
1818506	Tseung Kwan O	HK	Hong Kong	412900	2022-06-08	22.32789	114.24992
3463237	Florianópolis	BR	Brazil	412724	2017-12-05	-27.59667	-48.54917
1809152	Guyuan	CN	China	411854	2021-11-12	36.00667	106.28083
2911285	Wandsbek	DE	Germany	411422	2017-08-14	53.58334	10.08305
3449433	Santos	BR	Brazil	411403	2019-09-05	-23.96083	-46.33361
5037649	Minneapolis	US	United States	410939	2019-09-05	44.97997	-93.26384
8629640	Thoothukudi	IN	India	410760	2017-09-12	8.76735	78.13425
143083	Ardabīl	IR	Iran	410753	2017-02-08	38.2498	48.2933
1856177	Nagasaki	JP	Japan	410204	2017-04-09	32.75	129.88333
2038120	Chaoyang	CN	China	410005	2018-12-06	41.57028	120.45861
281133	Gaza	PS	West Bank and Gaza Strip	410000	2019-03-24	31.50161	34.46672
538560	Kursk	RU	Russian Federation	409431	2012-01-17	51.73733	36.18735
1281019	Hotan	CN	China	408894	2022-03-15	37.1075	79.93548
3981369	Tonalá	MX	Mexico	408759	2018-11-03	20.62445	-103.23423
3703443	Panamá	PA	Panama	408168	2020-10-24	8.9936	-79.51973
3514450	Xochimilco	MX	Mexico	407885	2018-11-03	19.25465	-99.10356
3083829	Szczecin	PL	Poland	407811	2019-09-05	53.42894	14.55302
3587902	Villa Nueva	GT	Guatemala	406830	2020-07-15	14.52512	-90.58544
3451353	Ribeirão das Neves	BR	Brazil	406802	2012-08-03	-19.76694	-44.08667
1862540	Hirakata	JP	Japan	406331	2017-07-22	34.81352	135.64914
2540483	Oujda-Angad	MA	Morocco	405253	2019-12-04	34.68139	-1.90858
971421	Newcastle	ZA	South Africa	404838	2012-07-12	-27.75796	29.9318
1261529	Nellore	IN	India	404158	2017-01-04	14.44992	79.98697
1675151	Hsinchu	TW	Taiwan	404109	2019-02-26	24.80361	120.96861
2036389	Jixi	CN	China	403759	2021-11-11	45.29322	130.96217
148730	Zanzibar	TZ	Tanzania	403658	2019-09-05	-6.16394	39.19793
4553433	Tulsa	US	United States	403505	2017-03-09	36.15398	-95.99277
1792621	Tongling	CN	China	402062	2021-10-11	30.95	117.78333
6696918	Taoyuan City	TW	Taiwan	402014	2017-09-26	24.99368	121.29696
372753	Kassala	SD	Sudan	401477	2020-01-12	15.45099	36.39998
2332121	Lekki	NG	Nigeria	401272	2019-11-22	6.40948	4.09152
2512989	Palma	ES	Spain	401270	2018-08-27	39.56939	2.65024
911148	Kitwe	ZM	Zambia	400914	2012-06-20	-12.80243	28.21323
98854	Nasiriyah	IQ	Iraq	400249	2017-06-15	31.05799	46.25726
480060	Tver	RU	Russian Federation	400212	2019-09-05	56.85836	35.90057
7498240	West Jerusalem	IL	Israel	400000	2019-12-28	31.78199	35.21961
1857871	Machida	JP	Japan	399969	2017-07-22	35.54028	139.45083
1863641	Gifu-shi	JP	Japan	397714	2017-07-22	35.42291	136.76039
1678228	Keelung	TW	Taiwan	397515	2017-09-26	25.12825	121.7419
2558545	Al Hoceïma	MA	Morocco	395644	2016-11-03	35.25165	-3.93723
2643123	Manchester	GB	United Kingdom	395515	2021-07-25	53.48095	-2.23743
6159905	Surrey	CA	Canada	394976	2019-02-26	49.10635	-122.82509
3445026	Vila Velha	BR	Brazil	394930	2014-05-11	-20.32972	-40.2925
1864092	Fujisawa	JP	Japan	394624	2019-09-05	35.34926	139.47666
901344	Ndola	ZM	Zambia	394518	2019-09-05	-12.95867	28.63659
3447779	Serra	BR	Brazil	394153	2012-08-03	-20.12861	-40.30778
740264	Samsun	TR	Turkey	394050	2019-09-05	41.27976	36.3361
588409	Tallinn	EE	Estonia	394024	2019-09-05	59.43696	24.75353
2234974	Bamenda	CM	Cameroon	393835	2014-06-04	5.9597	10.14597
379003	El Obeid	SD	Sudan	393311	2013-12-14	13.18421	30.21669
3688928	Bello	CO	Colombia	392939	2016-01-28	6.33732	-75.55795
1734052	Sandakan	MY	Malaysia	392288	2021-04-17	5.8402	118.1179
1810458	Gaomi	CN	China	391986	2022-04-01	36.38333	119.75278
107304	Buraydah	SA	Saudi Arabia	391336	2018-03-06	26.32599	43.97497
3464739	Diadema	BR	Brazil	390633	2012-09-27	-23.68611	-46.62278
4281730	Wichita	US	United States	389965	2021-08-08	37.69224	-97.33754
4335045	New Orleans	US	United States	389617	2019-09-05	29.95465	-90.07507
1185186	Comilla	BD	Bangladesh	389411	2016-11-09	23.46186	91.18503
1606590	Samut Prakan	TH	Thailand	388920	2017-04-05	13.59934	100.59675
1033356	Nampula	MZ	Mozambique	388526	2010-05-28	-15.11646	39.2666
4671240	Arlington	US	United States	388125	2019-09-05	32.73569	-97.10807
5150529	Cleveland	US	United States	388072	2021-08-08	41.4995	-81.69541
2374775	Bissau	GW	Guinea-Bissau	388028	2019-09-05	11.86357	-15.59767
1711005	Iloilo	PH	Philippines	387681	2020-11-01	10.69694	122.56444
105072	Khamis Mushait	SA	Saudi Arabia	387553	2013-11-25	18.3	42.73333
3467693	Campos dos Goytacazes	BR	Brazil	387417	2016-11-28	-21.75227	-41.33044
3429577	Resistencia	AR	Argentina	387158	2016-01-30	-27.46056	-58.98389
2214846	Mişrātah	LY	Libyan Arab Jamahiriya	386120	2020-06-10	32.37535	15.09254
3457381	Mauá	BR	Brazil	386069	2012-03-10	-23.66778	-46.46139
2395914	Abomey-Calavi	BJ	Benin	385755	2018-02-26	6.44852	2.35566
2947416	Bochum	DE	Germany	385729	2020-11-12	51.48165	7.21648
11048319	Sector 3	RO	Romania	385439	2017-11-24	44.4234	26.16874
6957079	Benito Juárez	MX	Mexico	385439	2018-11-03	19.3727	-99.1564
12159964	Chongzuo	CN	China	384905	2021-10-14	22.38161	107.3683
1849837	Toyonaka	JP	Japan	384459	2017-07-22	34.78244	135.46932
3526700	Iztacalco	MX	Mexico	384326	2013-07-31	19.39528	-99.09778
3470044	Betim	BR	Brazil	384000	2012-08-03	-19.96778	-44.19833
1863917	Fukuyama	JP	Japan	383298	2017-07-22	34.48333	133.36667
2239076	N’dalatando	AO	Angola	383100	2017-05-07	-9.29782	14.91162
3726786	Delmas 73	HT	Haiti	382920	2018-12-05	18.54472	-72.30278
3672778	Pasto	CO	Colombia	382236	2018-04-19	1.21361	-77.28111
321836	Batman	TR	Turkey	381990	2019-09-05	37.88738	41.13221
2179537	Wellington	NZ	New Zealand	381900	2019-09-05	-41.28664	174.77557
2515270	Las Palmas de Gran Canaria	ES	Spain	381847	2021-08-03	28.09973	-15.41343
3996322	Mazatlán	MX	Mexico	381583	2018-11-03	23.2329	-106.4062
3466537	Caxias do Sul	BR	Brazil	381270	2012-08-03	-29.16806	-51.17944
520494	Nizhny Tagil	RU	Russian Federation	381116	2017-10-12	57.91944	59.965
4004330	Irapuato	MX	Mexico	380941	2018-11-03	20.67675	-101.35628
6941055	Bochum-Hordel	DE	Germany	380000	2015-09-05	51.50168	7.1756
359792	Aswan	EG	Egypt	379774	2022-04-18	24.09082	32.89942
986822	Krugersdorp	ZA	South Africa	378821	2012-07-12	-26.08577	27.77515
1260482	Pānihāti	IN	India	378705	2014-10-14	22.69089	88.37404
1185107	Shibganj	BD	Bangladesh	378701	2017-06-09	25.00146	89.32266
12359313	Qingyang	CN	China	377528	2021-11-11	35.70976	107.64455
1849846	Toyohashi	JP	Japan	377453	2021-09-30	34.76667	137.38333
1808212	Hechuan	CN	China	377213	2022-06-05	29.99228	106.26461
3939459	Huancayo	PE	Peru	376657	2019-09-05	-12.06513	-75.20486
702320	Makiivka	UA	Ukraine	376610	2022-04-06	48.04782	37.92576
1258932	Rājahmundry	IN	India	376333	2021-10-07	17.00517	81.77784
310859	Kahramanmaraş	TR	Turkey	376045	2020-06-10	37.5847	36.92641
1852383	Minato	JP	Japan	375339	2017-04-09	34.2152	135.1501
3183875	Tirana	AL	Albania	374801	2019-09-05	41.3275	19.81889
3448639	São José do Rio Preto	BR	Brazil	374699	2021-09-13	-20.81972	-49.37944
598316	Kaunas	LT	Lithuania	374643	2021-04-28	54.90272	23.90961
3522551	Nuevo Laredo	MX	Mexico	373725	2018-11-03	27.47629	-99.51639
5325738	Bakersfield	US	United States	373640	2017-03-09	35.37329	-119.01871
2033574	Xuanhua	CN	China	373422	2022-02-17	40.61205	115.06463
1734810	Seremban	MY	Malaysia	372917	2021-04-17	2.7297	101.9381
3827408	Miguel Hidalgo	MX	Mexico	372889	2018-11-03	19.43411	-99.20024
2636841	Stoke-on-Trent	GB	United Kingdom	372775	2021-08-19	53.00415	-2.18538
298117	Van	TR	Turkey	371713	2019-09-05	38.49457	43.38323
5856195	Honolulu	US	United States	371657	2022-03-09	21.30694	-157.85833
145459	Abadan	IR	Iran	370180	2019-09-05	30.3392	48.3043
3629672	Puerto La Cruz	VE	Venezuela	370000	2018-08-08	10.21382	-64.6328
7304020	Fenghuang	CN	China	370000	2021-09-20	27.93557	109.59961
689558	Vinnytsya	UA	Ukraine	369839	2022-02-27	49.2322	28.46871
3078610	Brno	CZ	Czech Republic	369559	2022-03-03	49.19522	16.60796
625665	Mahilyow	BY	Belarus	369200	2017-12-04	53.9168	30.3449
7483813	Natore	BD	Bangladesh	369138	2017-06-26	24.41112	88.98673
4174757	Tampa	US	United States	369075	2021-07-31	27.94752	-82.45843
353219	Madīnat Sittah Uktūbar	EG	Egypt	368650	2022-04-18	29.81667	31.05
11048323	Sector 6	RO	Romania	367760	2017-11-24	44.43579	26.01649
2172517	Canberra	AU	Australia	367752	2019-09-05	-35.28346	149.12807
1855612	Nara-shi	JP	Japan	367353	2017-07-22	34.68505	135.80485
1279228	Ahmadnagar	IN	India	367140	2019-03-29	19.09457	74.73843
1259091	Kollam	IN	India	367107	2021-12-02	8.88113	76.58469
1272691	Dhūlia	IN	India	366980	2018-07-13	20.9013	74.77737
8537264	Huanggang	CN	China	366769	2021-10-20	30.45143	114.87035
3393536	Olinda	BR	Brazil	366754	2012-08-03	-8.00889	-34.85528
2544571	Kenitra	MA	Morocco	366570	2019-09-05	34.26101	-6.5802
3102014	Bydgoszcz	PL	Poland	366452	2021-12-22	53.1235	18.00762
1735227	Kuantan	MY	Malaysia	366229	2021-04-17	3.8077	103.326
3181928	Bologna	IT	Italy	366133	2016-12-30	44.49381	11.33875
3630297	Petare	VE	Venezuela	364684	2019-04-10	10.47679	-66.80786
1817990	Anqiu	CN	China	364208	2021-09-22	36.43417	119.1925
1172128	Larkana	PK	Pakistan	364033	2019-12-06	27.55898	68.21204
379062	Al Qadarif	SD	Sudan	363945	2017-02-09	14.03493	35.38344
2192362	Christchurch	NZ	New Zealand	363926	2019-09-05	-43.53333	172.63333
487846	Stavropol’	RU	Russian Federation	363064	2020-06-10	45.0428	41.9734
1849814	Toyota	JP	Japan	362383	2012-02-18	35.08333	137.15
1805029	Jizhou	CN	China	362013	2021-10-20	37.56222	115.55889
2187404	Manukau City	NZ	New Zealand	362000	2011-08-01	-36.99282	174.87986
6947637	Ataşehir	TR	Turkey	361615	2015-04-03	40.9833	29.1167
1276300	Bhāgalpur	IN	India	361548	2014-10-14	25.24446	86.97183
1165221	Shekhupura	PK	Pakistan	361303	2019-12-06	31.71287	73.98556
3466998	Carapicuíba	BR	Brazil	361112	2013-07-09	-23.52272	-46.835
2805753	Wuppertal	DE	Germany	360797	2019-09-05	51.25627	7.14816
2294877	Tamale	GH	Ghana	360579	2019-12-06	9.40079	-0.8393
2014407	Ulan-Ude	RU	Russian Federation	360278	2019-09-04	51.82721	107.60627
1856215	Nagano	JP	Japan	360176	2017-04-09	36.65	138.18333
2362344	Bobo-Dioulasso	BF	Burkina Faso	360106	2021-03-08	11.17715	-4.2979
765876	Lublin	PL	Poland	360044	2019-09-05	51.25	22.56667
11694038	Huocheng	CN	China	360000	2018-12-06	44.05305	80.87173
5412347	Aurora	US	United States	359407	2017-03-09	39.72943	-104.83192
2652221	Coventry	GB	United Kingdom	359262	2021-08-08	52.40656	-1.51217
6324729	Halifax	CA	Canada	359111	2019-09-23	44.6464	-63.57291
1516905	Taraz	KZ	Kazakhstan	358153	2019-09-05	42.9	71.36667
1689395	San Jose del Monte	PH	Philippines	357828	2021-08-01	14.81389	121.04528
3675443	Manizales	CO	Colombia	357814	2016-01-28	5.06889	-75.51738
1948005	Gwangmyeong	KR	Korea	357545	2021-11-23	37.47722	126.86639
111453	Zanjān	IR	Iran	357471	2017-02-08	36.67642	48.49628
2112539	Iwaki	JP	Japan	357309	2017-07-22	37.05	140.88333
1729524	Bacoor	PH	Philippines	356974	2019-08-29	14.45896	120.93851
2130629	Asahikawa	JP	Japan	356612	2019-09-05	43.77063	142.36489
3514519	Xico	MX	Mexico	356352	2018-11-03	19.27032	-98.95088
581049	Arkhangel’sk	RU	Russian Federation	356051	2020-06-10	64.5401	40.5433
1651531	Ambon	ID	Indonesia	355596	2020-11-01	-3.69583	128.18333
1629001	Samarinda	ID	Indonesia	355160	2019-09-05	-0.49167	117.14583
3827406	Benito Juarez	MX	Mexico	355017	2015-06-22	19.3984	-99.15766
3128026	Bilbao	ES	Spain	354860	2019-09-05	43.26271	-2.92528
3835869	Santiago del Estero	AR	Argentina	354692	2019-09-05	-27.79511	-64.26149
1850910	Takatsuki	JP	Japan	354468	2017-07-22	34.84833	135.61678
734077	Thessaloníki	GR	Greece	354290	2021-09-08	40.64361	22.93086
3514670	Villahermosa	MX	Mexico	353577	2018-11-03	17.98689	-92.93028
3648546	Barinas	VE	Venezuela	353442	2013-08-06	8.62261	-70.20749
3673899	Neiva	CO	Colombia	352855	2018-04-19	2.9273	-75.28189
4005867	Ciudad General Escobedo	MX	Mexico	352444	2018-11-03	25.79698	-100.31791
1854376	Okazaki	JP	Japan	352361	2017-07-22	34.95	137.16667
141681	Bandar Abbas	IR	Iran	352173	2019-09-05	27.1865	56.2808
291074	Ras Al Khaimah City	AE	United Arab Emirates	351943	2019-09-09	25.78953	55.9432
1851483	Suita	JP	Japan	351630	2017-07-22	34.76143	135.51567
1580240	Huế	VN	Viet Nam	351456	2021-12-09	16.4619	107.59546
1926004	Wakayama	JP	Japan	351000	2017-04-09	34.23333	135.16667
5323810	Anaheim	US	United States	350742	2019-09-05	33.83529	-117.9145
1674504	Hualien City	TW	Taiwan	350468	2017-09-26	23.97694	121.60444
1707267	Lapu-Lapu City	PH	Philippines	350467	2017-12-27	10.31028	123.94944
1259239	Punāsa	IN	India	350000	2015-10-04	22.23507	76.39335
8764562	Diepsloot	ZA	South Africa	350000	2014-04-08	-25.93312	28.01213
1262332	Muzaffarnagar	IN	India	349706	2018-05-27	29.47091	77.70332
3176959	Florence	IT	Italy	349296	2020-01-02	43.77925	11.24626
117574	Sanandaj	IR	Iran	349176	2019-09-05	35.31495	46.99883
1265014	Latur	IN	India	348967	2014-10-13	18.39721	76.56784
3403642	Campina Grande	BR	Brazil	348936	2012-08-03	-7.23056	-35.88111
3566067	Camagüey	CU	Cuba	347562	2020-06-10	21.38083	-77.91694
6058560	London	CA	Canada	346765	2012-08-19	42.98339	-81.23304
2038067	Chifeng	CN	China	346654	2021-09-20	42.26833	118.96361
1877030	Hŭngnam	KP	Korea	346082	2020-06-11	39.83167	127.61861
1526273	Nur-Sultan	KZ	Kazakhstan	345604	2021-04-08	51.1801	71.44598
12277239	Yunlong	CN	China	345393	2021-09-20	34.25281	117.25167
11048318	Sector 2	RO	Romania	345370	2017-11-24	44.4528	26.13321
578072	Belgorod	RU	Russian Federation	345289	2019-09-05	50.61074	36.58015
371760	Kosti	SD	Sudan	345068	2014-05-28	13.1629	32.66347
2035261	Qitaihe	CN	China	345033	2021-12-15	45.768	130.9953
290030	Doha	QA	Qatar	344939	2019-09-05	25.28545	51.53096
3625829	Turmero	VE	Venezuela	344700	2015-01-17	10.22856	-67.47421
1785716	Pizhou	CN	China	343421	2021-09-20	34.31139	117.95028
1501321	Kurgan	RU	Russian Federation	343129	2019-09-05	55.45	65.33333
1185188	Rangpur	BD	Bangladesh	343122	2016-11-09	25.74664	89.25166
1182637	Bhimber	PK	Pakistan	342900	2020-08-30	32.97465	74.07846
620127	Vitebsk	BY	Belarus	342700	2018-10-27	55.1904	30.2049
1711084	Iligan	PH	Philippines	342618	2020-11-01	8.2289	124.24344
3667849	Soledad	CO	Colombia	342556	2018-07-04	10.91843	-74.76459
1795060	Shiqi	CN	China	342306	2021-10-07	22.51682	113.38521
3453643	Piracicaba	BR	Brazil	342209	2012-03-10	-22.72528	-47.64917
2657896	Zürich	CH	Switzerland	341730	2019-09-05	47.36667	8.55
1265767	Kūkatpalli	IN	India	341709	2014-10-10	17.48486	78.41376
1562414	Vũng Tàu	VN	Viet Nam	341552	2021-12-09	10.34599	107.08426
1794479	Laixi	CN	China	341470	2022-04-01	36.85917	120.52694
1175892	Jhang Sadr	PK	Pakistan	341210	2019-12-06	31.26981	72.31687
161325	Arusha	TZ	Tanzania	341136	2016-07-26	-3.36667	36.68333
1278840	Ambattūr	IN	India	341049	2014-10-14	13.09818	80.16152
2112141	Kōriyama	JP	Japan	340560	2017-07-22	37.4	140.38333
728193	Plovdiv	BG	Bulgaria	340494	2016-02-07	42.15	24.75
4014875	Celaya	MX	Mexico	340387	2018-11-03	20.52353	-100.8157
1106542	Chitungwiza	ZW	Zimbabwe	340360	2019-09-05	-18.01274	31.07555
1859924	Kashiwa	JP	Japan	340221	2019-02-28	35.86224	139.97732
173576	Latakia	SY	Syrian Arab Republic	340181	2019-09-05	35.53168	35.79011
2411989	Serekunda	GM	Gambia	340000	2017-11-20	13.43833	-16.67806
1850181	Tokorozawa	JP	Japan	339435	2017-07-22	35.79916	139.46903
3435217	Corrientes	AR	Argentina	339067	2019-09-05	-27.46784	-58.8344
553915	Kaluga	RU	Russian Federation	338978	2019-09-05	54.5293	36.27542
3396016	Macapá	BR	Brazil	338936	2012-08-03	0.03889	-51.06639
4498303	West Raleigh	US	United States	338759	2017-05-23	35.78682	-78.66389
